slug,title,date_published,site,keyword,position,impressions,clicks,ctr,pageviews,unique_visitors,bounce_rate,avg_session_duration,pages_per_session,email_signups,affiliate_clicks,affiliate_conversions,revenue,word_count,reading_time_minutes,grade_score,revenue_per_pageview,conversion_rate,value_score,last_updated
best-credit-cards-for-groceries-2025,Best Credit Cards for Groceries 2025,2026-03-04,credit,,0.0,0,0,0.0,0,0,0.0,0.0,0.0,0,0,0,0.0,901,4,0.0,0.0,0.0,0.0,2026-03-05T16:11:37.322189
best-credit-cards-for-groceries-2025_1,Best Credit Cards for Groceries 2025,2026-03-04,credit,,0.0,0,0,0.0,0,0,0.0,0.0,0.0,0,0,0,0.0,849,4,0.0,0.0,0.0,0.0,2026-03-05T16:11:37.322222
best-credit-cards-for-groceries-2025_2,Best Credit Cards for Groceries 2025,2026-03-04,credit,,0.0,0,0,0.0,0,0,0.0,0.0,0.0,0,0,0,0.0,848,4,0.0,0.0,0.0,0.0,2026-03-05T16:11:37.322244
best-credit-cards-for-groceries-2025_3,Best Credit Cards for Groceries 2025,2026-03-04,credit,,0.0,0,0,0.0,0,0,0.0,0.0,0.0,0,0,0,0.0,775,3,0.0,0.0,0.0,0.0,2026-03-05T16:11:37.322264
best-credit-cards-for-groceries-2025_4,Best Credit Cards for Groceries 2025,2026-03-04,credit,,0.0,0,0,0.0,0,0,0.0,0.0,0.0,0,0,0,0.0,915,4,0.0,0.0,0.0,0.0,2026-03-05T16:11:37.322284
best-credit-cards-for-groceries-2025_5,Best Credit Cards for Groceries 2025,2026-03-04,credit,,0.0,0,0,0.0,0,0,0.0,0.0,0.0,0,0,0,0.0,891,4,0.0,0.0,0.0,0.0,2026-03-05T16:11:37.322302
best-credit-cards-for-groceries-2026,Best Credit Cards for Groceries 2026,2026-03-04,credit,,0.0,0,0,0.0,0,0,0.0,0.0,0.0,0,0,0,0.0,803,4,0.0,0.0,0.0,0.0,2026-03-05T16:11:37.322318
best-credit-cards-for-groceries-2026_1,Best Credit Cards for Groceries 2026,2026-03-04,credit,,0.0,0,0,0.0,0,0,0.0,0.0,0.0,0,0,0,0.0,819,4,0.0,0.0,0.0,0.0,2026-03-05T16:11:37.322333
best-credit-cards-for-groceries-2026_2,Best Credit Cards for Groceries 2026,2026-03-04,credit,,0.0,0,0,0.0,0,0,0.0,0.0,0.0,0,0,0,0.0,779,3,0.0,0.0,0.0,0.0,2026-03-05T16:11:37.322348
best-credit-cards-for-groceries-2026_3,Best Credit Cards for Groceries 2026,2026-03-04,credit,,0.0,0,0,0.0,0,0,0.0,0.0,0.0,0,0,0,0.0,777,3,0.0,0.0,0.0,0.0,2026-03-05T16:11:37.322363
best-credit-cards-for-groceries-2026_4,Best Credit Cards for Groceries 2026,2026-03-04,credit,,0.0,0,0,0.0,0,0,0.0,0.0,0.0,0,0,0,0.0,851,4,0.0,0.0,0.0,0.0,2026-03-05T16:11:37.322377
best-credit-cards-for-groceries-2026_5,Best Credit Cards for Groceries 2026,2026-03-04,credit,,0.0,0,0,0.0,0,0,0.0,0.0,0.0,0,0,0,0.0,880,4,0.0,0.0,0.0,0.0,2026-03-05T16:11:37.322393
business-credit-cards-for-startups,Business Credit Cards for Startups,2026-03-04,credit,,0.0,0,0,0.0,0,0,0.0,0.0,0.0,0,0,0,0.0,888,4,0.0,0.0,0.0,0.0,2026-03-05T16:11:37.322442
business-credit-cards-for-startups_1,Business Credit Cards for Startups,2026-03-04,credit,,0.0,0,0,0.0,0,0,0.0,0.0,0.0,0,0,0,0.0,892,4,0.0,0.0,0.0,0.0,2026-03-05T16:11:37.322460
business-credit-cards-for-startups_10,Business Credit Cards for Startups,2026-03-04,credit,,0.0,0,0,0.0,0,0,0.0,0.0,0.0,0,0,0,0.0,883,4,0.0,0.0,0.0,0.0,2026-03-05T16:11:37.322474
business-credit-cards-for-startups_11,Business Credit Cards for Startups,2026-03-04,credit,,0.0,0,0,0.0,0,0,0.0,0.0,0.0,0,0,0,0.0,847,4,0.0,0.0,0.0,0.0,2026-03-05T16:11:37.322489
business-credit-cards-for-startups_12,Business Credit Cards for Startups,2026-03-04,credit,,0.0,0,0,0.0,0,0,0.0,0.0,0.0,0,0,0,0.0,871,4,0.0,0.0,0.0,0.0,2026-03-05T16:11:37.322503
business-credit-cards-for-startups_13,Business Credit Cards for Startups,2026-03-04,credit,,0.0,0,0,0.0,0,0,0.0,0.0,0.0,0,0,0,0.0,852,4,0.0,0.0,0.0,0.0,2026-03-05T16:11:37.322518
business-credit-cards-for-startups_14,Business Credit Cards for Startups,2026-03-04,credit,,0.0,0,0,0.0,0,0,0.0,0.0,0.0,0,0,0,0.0,786,3,0.0,0.0,0.0,0.0,2026-03-05T16:11:37.322532
business-credit-cards-for-startups_15,Business Credit Cards for Startups,2026-03-04,credit,,0.0,0,0,0.0,0,0,0.0,0.0,0.0,0,0,0,0.0,855,4,0.0,0.0,0.0,0.0,2026-03-05T16:11:37.322546
business-credit-cards-for-startups_16,Business Credit Cards for Startups,2026-03-04,credit,,0.0,0,0,0.0,0,0,0.0,0.0,0.0,0,0,0,0.0,935,4,0.0,0.0,0.0,0.0,2026-03-05T16:11:37.322560
business-credit-cards-for-startups_17,Business Credit Cards for Startups,2026-03-04,credit,,0.0,0,0,0.0,0,0,0.0,0.0,0.0,0,0,0,0.0,845,4,0.0,0.0,0.0,0.0,2026-03-05T16:11:37.322573
business-credit-cards-for-startups_18,Business Credit Cards for Startups,2026-03-04,credit,,0.0,0,0,0.0,0,0,0.0,0.0,0.0,0,0,0,0.0,861,4,0.0,0.0,0.0,0.0,2026-03-05T16:11:37.322587
business-credit-cards-for-startups_19,Business Credit Cards for Startups,2026-03-04,credit,,0.0,0,0,0.0,0,0,0.0,0.0,0.0,0,0,0,0.0,836,4,0.0,0.0,0.0,0.0,2026-03-05T16:11:37.322600
business-credit-cards-for-startups_2,Business Credit Cards for Startups,2026-03-04,credit,,0.0,0,0,0.0,0,0,0.0,0.0,0.0,0,0,0,0.0,844,4,0.0,0.0,0.0,0.0,2026-03-05T16:11:37.322614
business-credit-cards-for-startups_20,Business Credit Cards for Startups,2026-03-04,credit,,0.0,0,0,0.0,0,0,0.0,0.0,0.0,0,0,0,0.0,879,4,0.0,0.0,0.0,0.0,2026-03-05T16:11:37.322628
business-credit-cards-for-startups_21,Business Credit Cards for Startups,2026-03-04,credit,,0.0,0,0,0.0,0,0,0.0,0.0,0.0,0,0,0,0.0,845,4,0.0,0.0,0.0,0.0,2026-03-05T16:11:37.322642
business-credit-cards-for-startups_22,Business Credit Cards for Startups,2026-03-04,credit,,0.0,0,0,0.0,0,0,0.0,0.0,0.0,0,0,0,0.0,836,4,0.0,0.0,0.0,0.0,2026-03-05T16:11:37.322656
business-credit-cards-for-startups_23,Business Credit Cards for Startups,2026-03-04,credit,,0.0,0,0,0.0,0,0,0.0,0.0,0.0,0,0,0,0.0,791,3,0.0,0.0,0.0,0.0,2026-03-05T16:11:37.322670
business-credit-cards-for-startups_3,Business Credit Cards for Startups,2026-03-04,credit,,0.0,0,0,0.0,0,0,0.0,0.0,0.0,0,0,0,0.0,956,4,0.0,0.0,0.0,0.0,2026-03-05T16:11:37.322684
business-credit-cards-for-startups_4,Business Credit Cards for Startups,2026-03-04,credit,,0.0,0,0,0.0,0,0,0.0,0.0,0.0,0,0,0,0.0,836,4,0.0,0.0,0.0,0.0,2026-03-05T16:11:37.322698
business-credit-cards-for-startups_5,Business Credit Cards for Startups,2026-03-04,credit,,0.0,0,0,0.0,0,0,0.0,0.0,0.0,0,0,0,0.0,823,4,0.0,0.0,0.0,0.0,2026-03-05T16:11:37.322711
business-credit-cards-for-startups_6,Business Credit Cards for Startups,2026-03-04,credit,,0.0,0,0,0.0,0,0,0.0,0.0,0.0,0,0,0,0.0,850,4,0.0,0.0,0.0,0.0,2026-03-05T16:11:37.322725
business-credit-cards-for-startups_7,Business Credit Cards for Startups,2026-03-04,credit,,0.0,0,0,0.0,0,0,0.0,0.0,0.0,0,0,0,0.0,833,4,0.0,0.0,0.0,0.0,2026-03-05T16:11:37.322740
business-credit-cards-for-startups_8,Business Credit Cards for Startups,2026-03-04,credit,,0.0,0,0,0.0,0,0,0.0,0.0,0.0,0,0,0,0.0,889,4,0.0,0.0,0.0,0.0,2026-03-05T16:11:37.322753
business-credit-cards-for-startups_9,Business Credit Cards for Startups,2026-03-04,credit,,0.0,0,0,0.0,0,0,0.0,0.0,0.0,0,0,0,0.0,837,4,0.0,0.0,0.0,0.0,2026-03-05T16:11:37.322766
capital-one-venture-x-card-review,Capital One Venture X Card Review,2026-03-04,credit,,0.0,0,0,0.0,0,0,0.0,0.0,0.0,0,0,0,0.0,931,4,0.0,0.0,0.0,0.0,2026-03-05T16:11:37.322780
capital-one-venture-x-card-review_1,Capital One Venture X Card Review,2026-03-04,credit,,0.0,0,0,0.0,0,0,0.0,0.0,0.0,0,0,0,0.0,982,4,0.0,0.0,0.0,0.0,2026-03-05T16:11:37.322796
capital-one-venture-x-card-review_10,Capital One Venture X Card Review,2026-03-04,credit,,0.0,0,0,0.0,0,0,0.0,0.0,0.0,0,0,0,0.0,972,4,0.0,0.0,0.0,0.0,2026-03-05T16:11:37.322810
capital-one-venture-x-card-review_11,Capital One Venture X Card Review,2026-03-04,credit,,0.0,0,0,0.0,0,0,0.0,0.0,0.0,0,0,0,0.0,864,4,0.0,0.0,0.0,0.0,2026-03-05T16:11:37.322824
capital-one-venture-x-card-review_12,Capital One Venture X Card Review,2026-03-04,credit,,0.0,0,0,0.0,0,0,0.0,0.0,0.0,0,0,0,0.0,972,4,0.0,0.0,0.0,0.0,2026-03-05T16:11:37.322837
capital-one-venture-x-card-review_13,Capital One Venture X Card Review,2026-03-04,credit,,0.0,0,0,0.0,0,0,0.0,0.0,0.0,0,0,0,0.0,908,4,0.0,0.0,0.0,0.0,2026-03-05T16:11:37.322852
capital-one-venture-x-card-review_14,Capital One Venture X Card Review,2026-03-04,credit,,0.0,0,0,0.0,0,0,0.0,0.0,0.0,0,0,0,0.0,1012,5,0.0,0.0,0.0,0.0,2026-03-05T16:11:37.322866
capital-one-venture-x-card-review_15,Capital One Venture X Card Review,2026-03-04,credit,,0.0,0,0,0.0,0,0,0.0,0.0,0.0,0,0,0,0.0,882,4,0.0,0.0,0.0,0.0,2026-03-05T16:11:37.322880
capital-one-venture-x-card-review_16,Capital One Venture X Card Review,2026-03-04,credit,,0.0,0,0,0.0,0,0,0.0,0.0,0.0,0,0,0,0.0,961,4,0.0,0.0,0.0,0.0,2026-03-05T16:11:37.322895
capital-one-venture-x-card-review_17,Capital One Venture X Card Review,2026-03-04,credit,,0.0,0,0,0.0,0,0,0.0,0.0,0.0,0,0,0,0.0,890,4,0.0,0.0,0.0,0.0,2026-03-05T16:11:37.322909
capital-one-venture-x-card-review_18,Capital One Venture X Card Review,2026-03-04,credit,,0.0,0,0,0.0,0,0,0.0,0.0,0.0,0,0,0,0.0,916,4,0.0,0.0,0.0,0.0,2026-03-05T16:11:37.322924
capital-one-venture-x-card-review_19,Capital One Venture X Card Review,2026-03-04,credit,,0.0,0,0,0.0,0,0,0.0,0.0,0.0,0,0,0,0.0,991,4,0.0,0.0,0.0,0.0,2026-03-05T16:11:37.322938
capital-one-venture-x-card-review_2,Capital One Venture X Card Review,2026-03-04,credit,,0.0,0,0,0.0,0,0,0.0,0.0,0.0,0,0,0,0.0,922,4,0.0,0.0,0.0,0.0,2026-03-05T16:11:37.322952
capital-one-venture-x-card-review_20,Capital One Venture X Card Review,2026-03-04,credit,,0.0,0,0,0.0,0,0,0.0,0.0,0.0,0,0,0,0.0,914,4,0.0,0.0,0.0,0.0,2026-03-05T16:11:37.322968
capital-one-venture-x-card-review_21,Capital One Venture X Card Review,2026-03-04,credit,,0.0,0,0,0.0,0,0,0.0,0.0,0.0,0,0,0,0.0,945,4,0.0,0.0,0.0,0.0,2026-03-05T16:11:37.322982
capital-one-venture-x-card-review_22,Capital One Venture X Card Review,2026-03-04,credit,,0.0,0,0,0.0,0,0,0.0,0.0,0.0,0,0,0,0.0,861,4,0.0,0.0,0.0,0.0,2026-03-05T16:11:37.322998
capital-one-venture-x-card-review_23,Capital One Venture X Card Review,2026-03-04,credit,,0.0,0,0,0.0,0,0,0.0,0.0,0.0,0,0,0,0.0,963,4,0.0,0.0,0.0,0.0,2026-03-05T16:11:37.323012
capital-one-venture-x-card-review_3,Capital One Venture X Card Review,2026-03-04,credit,,0.0,0,0,0.0,0,0,0.0,0.0,0.0,0,0,0,0.0,872,4,0.0,0.0,0.0,0.0,2026-03-05T16:11:37.323029
capital-one-venture-x-card-review_4,Capital One Venture X Card Review,2026-03-04,credit,,0.0,0,0,0.0,0,0,0.0,0.0,0.0,0,0,0,0.0,888,4,0.0,0.0,0.0,0.0,2026-03-05T16:11:37.323044
capital-one-venture-x-card-review_5,Capital One Venture X Card Review,2026-03-04,credit,,0.0,0,0,0.0,0,0,0.0,0.0,0.0,0,0,0,0.0,882,4,0.0,0.0,0.0,0.0,2026-03-05T16:11:37.323060
capital-one-venture-x-card-review_6,Capital One Venture X Card Review,2026-03-04,credit,,0.0,0,0,0.0,0,0,0.0,0.0,0.0,0,0,0,0.0,925,4,0.0,0.0,0.0,0.0,2026-03-05T16:11:37.323075
capital-one-venture-x-card-review_7,Capital One Venture X Card Review,2026-03-04,credit,,0.0,0,0,0.0,0,0,0.0,0.0,0.0,0,0,0,0.0,872,4,0.0,0.0,0.0,0.0,2026-03-05T16:11:37.323090
capital-one-venture-x-card-review_8,Capital One Venture X Card Review,2026-03-04,credit,,0.0,0,0,0.0,0,0,0.0,0.0,0.0,0,0,0,0.0,901,4,0.0,0.0,0.0,0.0,2026-03-05T16:11:37.323105
capital-one-venture-x-card-review_9,Capital One Venture X Card Review,2026-03-04,credit,,0.0,0,0,0.0,0,0,0.0,0.0,0.0,0,0,0,0.0,911,4,0.0,0.0,0.0,0.0,2026-03-05T16:11:37.323118
chase-sapphire-preferred-vs-reserve-2025,Chase Sapphire Preferred vs Reserve 2025,2026-03-04,credit,,0.0,0,0,0.0,0,0,0.0,0.0,0.0,0,0,0,0.0,888,4,0.0,0.0,0.0,0.0,2026-03-05T16:11:37.323133
chase-sapphire-preferred-vs-reserve-2025_1,Chase Sapphire Preferred vs Reserve 2025,2026-03-04,credit,,0.0,0,0,0.0,0,0,0.0,0.0,0.0,0,0,0,0.0,830,4,0.0,0.0,0.0,0.0,2026-03-05T16:11:37.323146
chase-sapphire-preferred-vs-reserve-2025_2,Chase Sapphire Preferred vs Reserve 2025,2026-03-04,credit,,0.0,0,0,0.0,0,0,0.0,0.0,0.0,0,0,0,0.0,858,4,0.0,0.0,0.0,0.0,2026-03-05T16:11:37.323160
chase-sapphire-preferred-vs-reserve-2025_3,Chase Sapphire Preferred vs Reserve 2025,2026-03-04,credit,,0.0,0,0,0.0,0,0,0.0,0.0,0.0,0,0,0,0.0,900,4,0.0,0.0,0.0,0.0,2026-03-05T16:11:37.323174
chase-sapphire-preferred-vs-reserve-2025_4,Chase Sapphire Preferred vs Reserve 2025,2026-03-04,credit,,0.0,0,0,0.0,0,0,0.0,0.0,0.0,0,0,0,0.0,857,4,0.0,0.0,0.0,0.0,2026-03-05T16:11:37.323188
chase-sapphire-preferred-vs-reserve-2025_5,Chase Sapphire Preferred vs Reserve 2025,2026-03-04,credit,,0.0,0,0,0.0,0,0,0.0,0.0,0.0,0,0,0,0.0,844,4,0.0,0.0,0.0,0.0,2026-03-05T16:11:37.323203
chase-sapphire-preferred-vs-reserve-2026,Chase Sapphire Preferred vs Reserve 2026,2026-03-04,credit,,0.0,0,0,0.0,0,0,0.0,0.0,0.0,0,0,0,0.0,918,4,0.0,0.0,0.0,0.0,2026-03-05T16:11:37.323219
chase-sapphire-preferred-vs-reserve-2026_1,Chase Sapphire Preferred vs Reserve 2026,2026-03-04,credit,,0.0,0,0,0.0,0,0,0.0,0.0,0.0,0,0,0,0.0,849,4,0.0,0.0,0.0,0.0,2026-03-05T16:11:37.323235
chase-sapphire-preferred-vs-reserve-2026_10,Chase Sapphire Preferred vs Reserve 2026,2026-03-04,credit,,0.0,0,0,0.0,0,0,0.0,0.0,0.0,0,0,0,0.0,884,4,0.0,0.0,0.0,0.0,2026-03-05T16:11:37.323250
chase-sapphire-preferred-vs-reserve-2026_11,Chase Sapphire Preferred vs Reserve 2026,2026-03-04,credit,,0.0,0,0,0.0,0,0,0.0,0.0,0.0,0,0,0,0.0,853,4,0.0,0.0,0.0,0.0,2026-03-05T16:11:37.323266
chase-sapphire-preferred-vs-reserve-2026_12,Chase Sapphire Preferred vs Reserve 2026,2026-03-04,credit,,0.0,0,0,0.0,0,0,0.0,0.0,0.0,0,0,0,0.0,894,4,0.0,0.0,0.0,0.0,2026-03-05T16:11:37.323282
chase-sapphire-preferred-vs-reserve-2026_13,Chase Sapphire Preferred vs Reserve 2026,2026-03-04,credit,,0.0,0,0,0.0,0,0,0.0,0.0,0.0,0,0,0,0.0,836,4,0.0,0.0,0.0,0.0,2026-03-05T16:11:37.323299
chase-sapphire-preferred-vs-reserve-2026_14,Chase Sapphire Preferred vs Reserve 2026,2026-03-04,credit,,0.0,0,0,0.0,0,0,0.0,0.0,0.0,0,0,0,0.0,817,4,0.0,0.0,0.0,0.0,2026-03-05T16:11:37.323315
chase-sapphire-preferred-vs-reserve-2026_15,Chase Sapphire Preferred vs Reserve 2026,2026-03-04,credit,,0.0,0,0,0.0,0,0,0.0,0.0,0.0,0,0,0,0.0,862,4,0.0,0.0,0.0,0.0,2026-03-05T16:11:37.323329
chase-sapphire-preferred-vs-reserve-2026_16,Chase Sapphire Preferred vs Reserve 2026,2026-03-04,credit,,0.0,0,0,0.0,0,0,0.0,0.0,0.0,0,0,0,0.0,835,4,0.0,0.0,0.0,0.0,2026-03-05T16:11:37.323342
chase-sapphire-preferred-vs-reserve-2026_17,Chase Sapphire Preferred vs Reserve 2026,2026-03-04,credit,,0.0,0,0,0.0,0,0,0.0,0.0,0.0,0,0,0,0.0,828,4,0.0,0.0,0.0,0.0,2026-03-05T16:11:37.323358
chase-sapphire-preferred-vs-reserve-2026_2,Chase Sapphire Preferred vs Reserve 2026,2026-03-04,credit,,0.0,0,0,0.0,0,0,0.0,0.0,0.0,0,0,0,0.0,886,4,0.0,0.0,0.0,0.0,2026-03-05T16:11:37.323374
chase-sapphire-preferred-vs-reserve-2026_3,Chase Sapphire Preferred vs Reserve 2026,2026-03-04,credit,,0.0,0,0,0.0,0,0,0.0,0.0,0.0,0,0,0,0.0,884,4,0.0,0.0,0.0,0.0,2026-03-05T16:11:37.323402
chase-sapphire-preferred-vs-reserve-2026_4,Chase Sapphire Preferred vs Reserve 2026,2026-03-04,credit,,0.0,0,0,0.0,0,0,0.0,0.0,0.0,0,0,0,0.0,860,4,0.0,0.0,0.0,0.0,2026-03-05T16:11:37.323417
chase-sapphire-preferred-vs-reserve-2026_5,Chase Sapphire Preferred vs Reserve 2026,2026-03-04,credit,,0.0,0,0,0.0,0,0,0.0,0.0,0.0,0,0,0,0.0,844,4,0.0,0.0,0.0,0.0,2026-03-05T16:11:37.323482
chase-sapphire-preferred-vs-reserve-2026_6,Chase Sapphire Preferred vs Reserve 2026,2026-03-04,credit,,0.0,0,0,0.0,0,0,0.0,0.0,0.0,0,0,0,0.0,826,4,0.0,0.0,0.0,0.0,2026-03-05T16:11:37.323504
chase-sapphire-preferred-vs-reserve-2026_7,Chase Sapphire Preferred vs Reserve 2026,2026-03-04,credit,,0.0,0,0,0.0,0,0,0.0,0.0,0.0,0,0,0,0.0,866,4,0.0,0.0,0.0,0.0,2026-03-05T16:11:37.323529
chase-sapphire-preferred-vs-reserve-2026_8,Chase Sapphire Preferred vs Reserve 2026,2026-03-04,credit,,0.0,0,0,0.0,0,0,0.0,0.0,0.0,0,0,0,0.0,880,4,0.0,0.0,0.0,0.0,2026-03-05T16:11:37.323548
chase-sapphire-preferred-vs-reserve-2026_9,Chase Sapphire Preferred vs Reserve 2026,2026-03-04,credit,,0.0,0,0,0.0,0,0,0.0,0.0,0.0,0,0,0,0.0,926,4,0.0,0.0,0.0,0.0,2026-03-05T16:11:37.323565
how-to-maximize-credit-card-rewards,How to Maximize Credit Card Rewards,2026-03-04,credit,,0.0,0,0,0.0,0,0,0.0,0.0,0.0,0,0,0,0.0,828,4,0.0,0.0,0.0,0.0,2026-03-05T16:11:37.323581
how-to-maximize-credit-card-rewards_1,How to Maximize Credit Card Rewards,2026-03-04,credit,,0.0,0,0,0.0,0,0,0.0,0.0,0.0,0,0,0,0.0,829,4,0.0,0.0,0.0,0.0,2026-03-05T16:11:37.323602
how-to-maximize-credit-card-rewards_10,How to Maximize Credit Card Rewards,2026-03-04,credit,,0.0,0,0,0.0,0,0,0.0,0.0,0.0,0,0,0,0.0,808,4,0.0,0.0,0.0,0.0,2026-03-05T16:11:37.323632
how-to-maximize-credit-card-rewards_11,How to Maximize Credit Card Rewards,2026-03-04,credit,,0.0,0,0,0.0,0,0,0.0,0.0,0.0,0,0,0,0.0,891,4,0.0,0.0,0.0,0.0,2026-03-05T16:11:37.323664
how-to-maximize-credit-card-rewards_12,How to Maximize Credit Card Rewards,2026-03-04,credit,,0.0,0,0,0.0,0,0,0.0,0.0,0.0,0,0,0,0.0,861,4,0.0,0.0,0.0,0.0,2026-03-05T16:11:37.323690
how-to-maximize-credit-card-rewards_13,How to Maximize Credit Card Rewards,2026-03-04,credit,,0.0,0,0,0.0,0,0,0.0,0.0,0.0,0,0,0,0.0,872,4,0.0,0.0,0.0,0.0,2026-03-05T16:11:37.323716
how-to-maximize-credit-card-rewards_14,How to Maximize Credit Card Rewards,2026-03-04,credit,,0.0,0,0,0.0,0,0,0.0,0.0,0.0,0,0,0,0.0,863,4,0.0,0.0,0.0,0.0,2026-03-05T16:11:37.323735
how-to-maximize-credit-card-rewards_15,How to Maximize Credit Card Rewards,2026-03-04,credit,,0.0,0,0,0.0,0,0,0.0,0.0,0.0,0,0,0,0.0,808,4,0.0,0.0,0.0,0.0,2026-03-05T16:11:37.323751
how-to-maximize-credit-card-rewards_16,How to Maximize Credit Card Rewards,2026-03-04,credit,,0.0,0,0,0.0,0,0,0.0,0.0,0.0,0,0,0,0.0,822,4,0.0,0.0,0.0,0.0,2026-03-05T16:11:37.323765
how-to-maximize-credit-card-rewards_17,How to Maximize Credit Card Rewards,2026-03-04,credit,,0.0,0,0,0.0,0,0,0.0,0.0,0.0,0,0,0,0.0,810,4,0.0,0.0,0.0,0.0,2026-03-05T16:11:37.323783
how-to-maximize-credit-card-rewards_18,How to Maximize Credit Card Rewards,2026-03-04,credit,,0.0,0,0,0.0,0,0,0.0,0.0,0.0,0,0,0,0.0,877,4,0.0,0.0,0.0,0.0,2026-03-05T16:11:37.323798
how-to-maximize-credit-card-rewards_19,How to Maximize Credit Card Rewards,2026-03-04,credit,,0.0,0,0,0.0,0,0,0.0,0.0,0.0,0,0,0,0.0,851,4,0.0,0.0,0.0,0.0,2026-03-05T16:11:37.323812
how-to-maximize-credit-card-rewards_2,How to Maximize Credit Card Rewards,2026-03-04,credit,,0.0,0,0,0.0,0,0,0.0,0.0,0.0,0,0,0,0.0,859,4,0.0,0.0,0.0,0.0,2026-03-05T16:11:37.323826
how-to-maximize-credit-card-rewards_20,How to Maximize Credit Card Rewards,2026-03-04,credit,,0.0,0,0,0.0,0,0,0.0,0.0,0.0,0,0,0,0.0,873,4,0.0,0.0,0.0,0.0,2026-03-05T16:11:37.323841
how-to-maximize-credit-card-rewards_21,How to Maximize Credit Card Rewards,2026-03-04,credit,,0.0,0,0,0.0,0,0,0.0,0.0,0.0,0,0,0,0.0,829,4,0.0,0.0,0.0,0.0,2026-03-05T16:11:37.323855
how-to-maximize-credit-card-rewards_22,How to Maximize Credit Card Rewards,2026-03-04,credit,,0.0,0,0,0.0,0,0,0.0,0.0,0.0,0,0,0,0.0,884,4,0.0,0.0,0.0,0.0,2026-03-05T16:11:37.323870
how-to-maximize-credit-card-rewards_23,How to Maximize Credit Card Rewards,2026-03-04,credit,,0.0,0,0,0.0,0,0,0.0,0.0,0.0,0,0,0,0.0,827,4,0.0,0.0,0.0,0.0,2026-03-05T16:11:37.323889
how-to-maximize-credit-card-rewards_3,How to Maximize Credit Card Rewards,2026-03-04,credit,,0.0,0,0,0.0,0,0,0.0,0.0,0.0,0,0,0,0.0,785,3,0.0,0.0,0.0,0.0,2026-03-05T16:11:37.323906
how-to-maximize-credit-card-rewards_4,How to Maximize Credit Card Rewards,2026-03-04,credit,,0.0,0,0,0.0,0,0,0.0,0.0,0.0,0,0,0,0.0,852,4,0.0,0.0,0.0,0.0,2026-03-05T16:11:37.323922
how-to-maximize-credit-card-rewards_5,How to Maximize Credit Card Rewards,2026-03-04,credit,,0.0,0,0,0.0,0,0,0.0,0.0,0.0,0,0,0,0.0,855,4,0.0,0.0,0.0,0.0,2026-03-05T16:11:37.323938
how-to-maximize-credit-card-rewards_6,How to Maximize Credit Card Rewards,2026-03-04,credit,,0.0,0,0,0.0,0,0,0.0,0.0,0.0,0,0,0,0.0,842,4,0.0,0.0,0.0,0.0,2026-03-05T16:11:37.323953
how-to-maximize-credit-card-rewards_7,How to Maximize Credit Card Rewards,2026-03-04,credit,,0.0,0,0,0.0,0,0,0.0,0.0,0.0,0,0,0,0.0,799,3,0.0,0.0,0.0,0.0,2026-03-05T16:11:37.323967
how-to-maximize-credit-card-rewards_8,How to Maximize Credit Card Rewards,2026-03-04,credit,,0.0,0,0,0.0,0,0,0.0,0.0,0.0,0,0,0,0.0,804,4,0.0,0.0,0.0,0.0,2026-03-05T16:11:37.323982
how-to-maximize-credit-card-rewards_9,How to Maximize Credit Card Rewards,2026-03-04,credit,,0.0,0,0,0.0,0,0,0.0,0.0,0.0,0,0,0,0.0,840,4,0.0,0.0,0.0,0.0,2026-03-05T16:11:37.323996
top-credit-cards-for-groceries-2026,Top Credit Cards for Groceries 2026,2026-03-04,credit,,0.0,0,0,0.0,0,0,0.0,0.0,0.0,0,0,0,0.0,893,4,0.0,0.0,0.0,0.0,2026-03-05T16:11:37.324010
top-credit-cards-for-groceries-2026_1,Top Credit Cards for Groceries 2026,2026-03-04,credit,,0.0,0,0,0.0,0,0,0.0,0.0,0.0,0,0,0,0.0,894,4,0.0,0.0,0.0,0.0,2026-03-05T16:11:37.324029
top-credit-cards-for-groceries-2026_2,Top Credit Cards for Groceries 2026,2026-03-04,credit,,0.0,0,0,0.0,0,0,0.0,0.0,0.0,0,0,0,0.0,873,4,0.0,0.0,0.0,0.0,2026-03-05T16:11:37.324043
top-credit-cards-for-groceries-2026_3,Top Credit Cards for Groceries 2026,2026-03-04,credit,,0.0,0,0,0.0,0,0,0.0,0.0,0.0,0,0,0,0.0,929,4,0.0,0.0,0.0,0.0,2026-03-05T16:11:37.324056
top-credit-cards-for-groceries-2026_4,Top Credit Cards for Groceries 2026,2026-03-04,credit,,0.0,0,0,0.0,0,0,0.0,0.0,0.0,0,0,0,0.0,1016,5,0.0,0.0,0.0,0.0,2026-03-05T16:11:37.324070
top-credit-cards-for-groceries-2026_5,Top Credit Cards for Groceries 2026,2026-03-04,credit,,0.0,0,0,0.0,0,0,0.0,0.0,0.0,0,0,0,0.0,919,4,0.0,0.0,0.0,0.0,2026-03-05T16:11:37.324085
ultimate-credit-cards-for-groceries-2026,Ultimate Credit Cards for Groceries 2026,2026-03-04,credit,,0.0,0,0,0.0,0,0,0.0,0.0,0.0,0,0,0,0.0,820,4,0.0,0.0,0.0,0.0,2026-03-05T16:11:37.324099
ultimate-credit-cards-for-groceries-2026_1,Ultimate Credit Cards for Groceries 2026,2026-03-04,credit,,0.0,0,0,0.0,0,0,0.0,0.0,0.0,0,0,0,0.0,789,3,0.0,0.0,0.0,0.0,2026-03-05T16:11:37.324114
ultimate-credit-cards-for-groceries-2026_2,Ultimate Credit Cards for Groceries 2026,2026-03-04,credit,,0.0,0,0,0.0,0,0,0.0,0.0,0.0,0,0,0,0.0,782,3,0.0,0.0,0.0,0.0,2026-03-05T16:11:37.324127
ultimate-credit-cards-for-groceries-2026_3,Ultimate Credit Cards for Groceries 2026,2026-03-04,credit,,0.0,0,0,0.0,0,0,0.0,0.0,0.0,0,0,0,0.0,781,3,0.0,0.0,0.0,0.0,2026-03-05T16:11:37.324140
ultimate-credit-cards-for-groceries-2026_4,Ultimate Credit Cards for Groceries 2026,2026-03-04,credit,,0.0,0,0,0.0,0,0,0.0,0.0,0.0,0,0,0,0.0,812,4,0.0,0.0,0.0,0.0,2026-03-05T16:11:37.324153
ultimate-credit-cards-for-groceries-2026_5,Ultimate Credit Cards for Groceries 2026,2026-03-04,credit,,0.0,0,0,0.0,0,0,0.0,0.0,0.0,0,0,0,0.0,909,4,0.0,0.0,0.0,0.0,2026-03-05T16:11:37.324167
401k-contribution-limit-2025:-calculator-&-strateg,401k Contribution Limit 2025: Calculator & Strategy,2026-03-04,calc,,0.0,0,0,0.0,0,0,0.0,0.0,0.0,0,0,0,0.0,702,3,0.0,0.0,0.0,0.0,2026-03-05T16:11:37.324192
401k-contribution-limit-2025:-calculator-&-strateg_1,401k Contribution Limit 2025: Calculator & Strategy,2026-03-04,calc,,0.0,0,0,0.0,0,0,0.0,0.0,0.0,0,0,0,0.0,699,3,0.0,0.0,0.0,0.0,2026-03-05T16:11:37.324209
401k-contribution-limit-2025:-calculator-&-strateg_2,401k Contribution Limit 2025: Calculator & Strategy,2026-03-04,calc,,0.0,0,0,0.0,0,0,0.0,0.0,0.0,0,0,0,0.0,748,3,0.0,0.0,0.0,0.0,2026-03-05T16:11:37.324223
401k-contribution-limit-2025:-calculator-&-strateg_3,401k Contribution Limit 2025: Calculator & Strategy,2026-03-04,calc,,0.0,0,0,0.0,0,0,0.0,0.0,0.0,0,0,0,0.0,702,3,0.0,0.0,0.0,0.0,2026-03-05T16:11:37.324239
401k-contribution-limit-2025:-calculator-&-strateg_4,401k Contribution Limit 2025: Calculator & Strategy,2026-03-04,calc,,0.0,0,0,0.0,0,0,0.0,0.0,0.0,0,0,0,0.0,757,3,0.0,0.0,0.0,0.0,2026-03-05T16:11:37.324253
401k-contribution-limit-2026:-calculator-&-strateg,401k Contribution Limit 2026: Calculator & Strategy,2026-03-04,calc,,0.0,0,0,0.0,0,0,0.0,0.0,0.0,0,0,0,0.0,674,3,0.0,0.0,0.0,0.0,2026-03-05T16:11:37.324267
401k-contribution-limit-2026:-calculator-&-strateg_1,401k Contribution Limit 2026: Calculator & Strategy,2026-03-04,calc,,0.0,0,0,0.0,0,0,0.0,0.0,0.0,0,0,0,0.0,811,4,0.0,0.0,0.0,0.0,2026-03-05T16:11:37.324281
401k-contribution-limit-2026:-calculator-&-strateg_10,401k Contribution Limit 2026: Calculator & Strategy,2026-03-04,calc,,0.0,0,0,0.0,0,0,0.0,0.0,0.0,0,0,0,0.0,722,3,0.0,0.0,0.0,0.0,2026-03-05T16:11:37.324294
401k-contribution-limit-2026:-calculator-&-strateg_11,401k Contribution Limit 2026: Calculator & Strategy,2026-03-04,calc,,0.0,0,0,0.0,0,0,0.0,0.0,0.0,0,0,0,0.0,727,3,0.0,0.0,0.0,0.0,2026-03-05T16:11:37.324308
401k-contribution-limit-2026:-calculator-&-strateg_12,401k Contribution Limit 2026: Calculator & Strategy,2026-03-04,calc,,0.0,0,0,0.0,0,0,0.0,0.0,0.0,0,0,0,0.0,667,3,0.0,0.0,0.0,0.0,2026-03-05T16:11:37.324326
401k-contribution-limit-2026:-calculator-&-strateg_13,401k Contribution Limit 2026: Calculator & Strategy,2026-03-04,calc,,0.0,0,0,0.0,0,0,0.0,0.0,0.0,0,0,0,0.0,724,3,0.0,0.0,0.0,0.0,2026-03-05T16:11:37.324339
401k-contribution-limit-2026:-calculator-&-strateg_14,401k Contribution Limit 2026: Calculator & Strategy,2026-03-04,calc,,0.0,0,0,0.0,0,0,0.0,0.0,0.0,0,0,0,0.0,769,3,0.0,0.0,0.0,0.0,2026-03-05T16:11:37.324352
401k-contribution-limit-2026:-calculator-&-strateg_2,401k Contribution Limit 2026: Calculator & Strategy,2026-03-04,calc,,0.0,0,0,0.0,0,0,0.0,0.0,0.0,0,0,0,0.0,718,3,0.0,0.0,0.0,0.0,2026-03-05T16:11:37.324366
401k-contribution-limit-2026:-calculator-&-strateg_3,401k Contribution Limit 2026: Calculator & Strategy,2026-03-04,calc,,0.0,0,0,0.0,0,0,0.0,0.0,0.0,0,0,0,0.0,751,3,0.0,0.0,0.0,0.0,2026-03-05T16:11:37.324379
401k-contribution-limit-2026:-calculator-&-strateg_4,401k Contribution Limit 2026: Calculator & Strategy,2026-03-04,calc,,0.0,0,0,0.0,0,0,0.0,0.0,0.0,0,0,0,0.0,728,3,0.0,0.0,0.0,0.0,2026-03-05T16:11:37.324392
401k-contribution-limit-2026:-calculator-&-strateg_5,401k Contribution Limit 2026: Calculator & Strategy,2026-03-04,calc,,0.0,0,0,0.0,0,0,0.0,0.0,0.0,0,0,0,0.0,775,3,0.0,0.0,0.0,0.0,2026-03-05T16:11:37.324406
401k-contribution-limit-2026:-calculator-&-strateg_6,401k Contribution Limit 2026: Calculator & Strategy,2026-03-04,calc,,0.0,0,0,0.0,0,0,0.0,0.0,0.0,0,0,0,0.0,744,3,0.0,0.0,0.0,0.0,2026-03-05T16:11:37.324420
401k-contribution-limit-2026:-calculator-&-strateg_7,401k Contribution Limit 2026: Calculator & Strategy,2026-03-04,calc,,0.0,0,0,0.0,0,0,0.0,0.0,0.0,0,0,0,0.0,738,3,0.0,0.0,0.0,0.0,2026-03-05T16:11:37.324435
401k-contribution-limit-2026:-calculator-&-strateg_8,401k Contribution Limit 2026: Calculator & Strategy,2026-03-04,calc,,0.0,0,0,0.0,0,0,0.0,0.0,0.0,0,0,0,0.0,718,3,0.0,0.0,0.0,0.0,2026-03-05T16:11:37.324448
401k-contribution-limit-2026:-calculator-&-strateg_9,401k Contribution Limit 2026: Calculator & Strategy,2026-03-04,calc,,0.0,0,0,0.0,0,0,0.0,0.0,0.0,0,0,0,0.0,700,3,0.0,0.0,0.0,0.0,2026-03-05T16:11:37.324461
compound-interest-calculator:-see-your-wealth-grow,Compound Interest Calculator: See Your Wealth Grow,2026-03-04,calc,,0.0,0,0,0.0,0,0,0.0,0.0,0.0,0,0,0,0.0,853,4,0.0,0.0,0.0,0.0,2026-03-05T16:11:37.324475
compound-interest-calculator:-see-your-wealth-grow_1,Compound Interest Calculator: See Your Wealth Grow,2026-03-04,calc,,0.0,0,0,0.0,0,0,0.0,0.0,0.0,0,0,0,0.0,851,4,0.0,0.0,0.0,0.0,2026-03-05T16:11:37.324488
compound-interest-calculator:-see-your-wealth-grow_10,Compound Interest Calculator: See Your Wealth Grow,2026-03-04,calc,,0.0,0,0,0.0,0,0,0.0,0.0,0.0,0,0,0,0.0,879,4,0.0,0.0,0.0,0.0,2026-03-05T16:11:37.324501
compound-interest-calculator:-see-your-wealth-grow_11,Compound Interest Calculator: See Your Wealth Grow,2026-03-04,calc,,0.0,0,0,0.0,0,0,0.0,0.0,0.0,0,0,0,0.0,839,4,0.0,0.0,0.0,0.0,2026-03-05T16:11:37.324514
compound-interest-calculator:-see-your-wealth-grow_12,Compound Interest Calculator: See Your Wealth Grow,2026-03-04,calc,,0.0,0,0,0.0,0,0,0.0,0.0,0.0,0,0,0,0.0,795,3,0.0,0.0,0.0,0.0,2026-03-05T16:11:37.324527
compound-interest-calculator:-see-your-wealth-grow_13,Compound Interest Calculator: See Your Wealth Grow,2026-03-04,calc,,0.0,0,0,0.0,0,0,0.0,0.0,0.0,0,0,0,0.0,792,3,0.0,0.0,0.0,0.0,2026-03-05T16:11:37.324541
compound-interest-calculator:-see-your-wealth-grow_14,Compound Interest Calculator: See Your Wealth Grow,2026-03-04,calc,,0.0,0,0,0.0,0,0,0.0,0.0,0.0,0,0,0,0.0,875,4,0.0,0.0,0.0,0.0,2026-03-05T16:11:37.324555
compound-interest-calculator:-see-your-wealth-grow_15,Compound Interest Calculator: See Your Wealth Grow,2026-03-04,calc,,0.0,0,0,0.0,0,0,0.0,0.0,0.0,0,0,0,0.0,810,4,0.0,0.0,0.0,0.0,2026-03-05T16:11:37.324569
compound-interest-calculator:-see-your-wealth-grow_16,Compound Interest Calculator: See Your Wealth Grow,2026-03-04,calc,,0.0,0,0,0.0,0,0,0.0,0.0,0.0,0,0,0,0.0,820,4,0.0,0.0,0.0,0.0,2026-03-05T16:11:37.324582
compound-interest-calculator:-see-your-wealth-grow_17,Compound Interest Calculator: See Your Wealth Grow,2026-03-04,calc,,0.0,0,0,0.0,0,0,0.0,0.0,0.0,0,0,0,0.0,867,4,0.0,0.0,0.0,0.0,2026-03-05T16:11:37.324598
compound-interest-calculator:-see-your-wealth-grow_18,Compound Interest Calculator: See Your Wealth Grow,2026-03-04,calc,,0.0,0,0,0.0,0,0,0.0,0.0,0.0,0,0,0,0.0,825,4,0.0,0.0,0.0,0.0,2026-03-05T16:11:37.324612
compound-interest-calculator:-see-your-wealth-grow_2,Compound Interest Calculator: See Your Wealth Grow,2026-03-04,calc,,0.0,0,0,0.0,0,0,0.0,0.0,0.0,0,0,0,0.0,820,4,0.0,0.0,0.0,0.0,2026-03-05T16:11:37.324627
compound-interest-calculator:-see-your-wealth-grow_3,Compound Interest Calculator: See Your Wealth Grow,2026-03-04,calc,,0.0,0,0,0.0,0,0,0.0,0.0,0.0,0,0,0,0.0,824,4,0.0,0.0,0.0,0.0,2026-03-05T16:11:37.324641
compound-interest-calculator:-see-your-wealth-grow_4,Compound Interest Calculator: See Your Wealth Grow,2026-03-04,calc,,0.0,0,0,0.0,0,0,0.0,0.0,0.0,0,0,0,0.0,789,3,0.0,0.0,0.0,0.0,2026-03-05T16:11:37.324655
compound-interest-calculator:-see-your-wealth-grow_5,Compound Interest Calculator: See Your Wealth Grow,2026-03-04,calc,,0.0,0,0,0.0,0,0,0.0,0.0,0.0,0,0,0,0.0,835,4,0.0,0.0,0.0,0.0,2026-03-05T16:11:37.324668
compound-interest-calculator:-see-your-wealth-grow_6,Compound Interest Calculator: See Your Wealth Grow,2026-03-04,calc,,0.0,0,0,0.0,0,0,0.0,0.0,0.0,0,0,0,0.0,816,4,0.0,0.0,0.0,0.0,2026-03-05T16:11:37.324682
compound-interest-calculator:-see-your-wealth-grow_7,Compound Interest Calculator: See Your Wealth Grow,2026-03-04,calc,,0.0,0,0,0.0,0,0,0.0,0.0,0.0,0,0,0,0.0,882,4,0.0,0.0,0.0,0.0,2026-03-05T16:11:37.324696
compound-interest-calculator:-see-your-wealth-grow_8,Compound Interest Calculator: See Your Wealth Grow,2026-03-04,calc,,0.0,0,0,0.0,0,0,0.0,0.0,0.0,0,0,0,0.0,813,4,0.0,0.0,0.0,0.0,2026-03-05T16:11:37.324711
compound-interest-calculator:-see-your-wealth-grow_9,Compound Interest Calculator: See Your Wealth Grow,2026-03-04,calc,,0.0,0,0,0.0,0,0,0.0,0.0,0.0,0,0,0,0.0,797,3,0.0,0.0,0.0,0.0,2026-03-05T16:11:37.324724
dividend-income-calculator:-plan-your-retirement,Dividend Income Calculator: Plan Your Retirement,2026-03-04,calc,,0.0,0,0,0.0,0,0,0.0,0.0,0.0,0,0,0,0.0,776,3,0.0,0.0,0.0,0.0,2026-03-05T16:11:37.324737
dividend-income-calculator:-plan-your-retirement_1,Dividend Income Calculator: Plan Your Retirement,2026-03-04,calc,,0.0,0,0,0.0,0,0,0.0,0.0,0.0,0,0,0,0.0,823,4,0.0,0.0,0.0,0.0,2026-03-05T16:11:37.324751
dividend-income-calculator:-plan-your-retirement_10,Dividend Income Calculator: Plan Your Retirement,2026-03-04,calc,,0.0,0,0,0.0,0,0,0.0,0.0,0.0,0,0,0,0.0,808,4,0.0,0.0,0.0,0.0,2026-03-05T16:11:37.324764
dividend-income-calculator:-plan-your-retirement_11,Dividend Income Calculator: Plan Your Retirement,2026-03-04,calc,,0.0,0,0,0.0,0,0,0.0,0.0,0.0,0,0,0,0.0,831,4,0.0,0.0,0.0,0.0,2026-03-05T16:11:37.324779
dividend-income-calculator:-plan-your-retirement_12,Dividend Income Calculator: Plan Your Retirement,2026-03-04,calc,,0.0,0,0,0.0,0,0,0.0,0.0,0.0,0,0,0,0.0,845,4,0.0,0.0,0.0,0.0,2026-03-05T16:11:37.324794
dividend-income-calculator:-plan-your-retirement_13,Dividend Income Calculator: Plan Your Retirement,2026-03-04,calc,,0.0,0,0,0.0,0,0,0.0,0.0,0.0,0,0,0,0.0,815,4,0.0,0.0,0.0,0.0,2026-03-05T16:11:37.324807
dividend-income-calculator:-plan-your-retirement_14,Dividend Income Calculator: Plan Your Retirement,2026-03-04,calc,,0.0,0,0,0.0,0,0,0.0,0.0,0.0,0,0,0,0.0,872,4,0.0,0.0,0.0,0.0,2026-03-05T16:11:37.324821
dividend-income-calculator:-plan-your-retirement_15,Dividend Income Calculator: Plan Your Retirement,2026-03-04,calc,,0.0,0,0,0.0,0,0,0.0,0.0,0.0,0,0,0,0.0,827,4,0.0,0.0,0.0,0.0,2026-03-05T16:11:37.325061
dividend-income-calculator:-plan-your-retirement_16,Dividend Income Calculator: Plan Your Retirement,2026-03-04,calc,,0.0,0,0,0.0,0,0,0.0,0.0,0.0,0,0,0,0.0,814,4,0.0,0.0,0.0,0.0,2026-03-05T16:11:37.325110
dividend-income-calculator:-plan-your-retirement_17,Dividend Income Calculator: Plan Your Retirement,2026-03-04,calc,,0.0,0,0,0.0,0,0,0.0,0.0,0.0,0,0,0,0.0,803,4,0.0,0.0,0.0,0.0,2026-03-05T16:11:37.325129
dividend-income-calculator:-plan-your-retirement_18,Dividend Income Calculator: Plan Your Retirement,2026-03-04,calc,,0.0,0,0,0.0,0,0,0.0,0.0,0.0,0,0,0,0.0,795,3,0.0,0.0,0.0,0.0,2026-03-05T16:11:37.325195
dividend-income-calculator:-plan-your-retirement_2,Dividend Income Calculator: Plan Your Retirement,2026-03-04,calc,,0.0,0,0,0.0,0,0,0.0,0.0,0.0,0,0,0,0.0,764,3,0.0,0.0,0.0,0.0,2026-03-05T16:11:37.325213
dividend-income-calculator:-plan-your-retirement_3,Dividend Income Calculator: Plan Your Retirement,2026-03-04,calc,,0.0,0,0,0.0,0,0,0.0,0.0,0.0,0,0,0,0.0,803,4,0.0,0.0,0.0,0.0,2026-03-05T16:11:37.325231
dividend-income-calculator:-plan-your-retirement_4,Dividend Income Calculator: Plan Your Retirement,2026-03-04,calc,,0.0,0,0,0.0,0,0,0.0,0.0,0.0,0,0,0,0.0,815,4,0.0,0.0,0.0,0.0,2026-03-05T16:11:37.325248
dividend-income-calculator:-plan-your-retirement_5,Dividend Income Calculator: Plan Your Retirement,2026-03-04,calc,,0.0,0,0,0.0,0,0,0.0,0.0,0.0,0,0,0,0.0,790,3,0.0,0.0,0.0,0.0,2026-03-05T16:11:37.325271
dividend-income-calculator:-plan-your-retirement_6,Dividend Income Calculator: Plan Your Retirement,2026-03-04,calc,,0.0,0,0,0.0,0,0,0.0,0.0,0.0,0,0,0,0.0,735,3,0.0,0.0,0.0,0.0,2026-03-05T16:11:37.325288
dividend-income-calculator:-plan-your-retirement_7,Dividend Income Calculator: Plan Your Retirement,2026-03-04,calc,,0.0,0,0,0.0,0,0,0.0,0.0,0.0,0,0,0,0.0,768,3,0.0,0.0,0.0,0.0,2026-03-05T16:11:37.325305
dividend-income-calculator:-plan-your-retirement_8,Dividend Income Calculator: Plan Your Retirement,2026-03-04,calc,,0.0,0,0,0.0,0,0,0.0,0.0,0.0,0,0,0,0.0,778,3,0.0,0.0,0.0,0.0,2026-03-05T16:11:37.325326
dividend-income-calculator:-plan-your-retirement_9,Dividend Income Calculator: Plan Your Retirement,2026-03-04,calc,,0.0,0,0,0.0,0,0,0.0,0.0,0.0,0,0,0,0.0,818,4,0.0,0.0,0.0,0.0,2026-03-05T16:11:37.325342
drip-calculator:-growth-with-automatic-reinvestmen,DRIP Calculator: Growth with Automatic Reinvestment,2026-03-04,calc,,0.0,0,0,0.0,0,0,0.0,0.0,0.0,0,0,0,0.0,790,3,0.0,0.0,0.0,0.0,2026-03-05T16:11:37.325358
drip-calculator:-growth-with-automatic-reinvestmen_1,DRIP Calculator: Growth with Automatic Reinvestment,2026-03-04,calc,,0.0,0,0,0.0,0,0,0.0,0.0,0.0,0,0,0,0.0,790,3,0.0,0.0,0.0,0.0,2026-03-05T16:11:37.325373
drip-calculator:-growth-with-automatic-reinvestmen_10,DRIP Calculator: Growth with Automatic Reinvestment,2026-03-04,calc,,0.0,0,0,0.0,0,0,0.0,0.0,0.0,0,0,0,0.0,756,3,0.0,0.0,0.0,0.0,2026-03-05T16:11:37.325388
drip-calculator:-growth-with-automatic-reinvestmen_11,DRIP Calculator: Growth with Automatic Reinvestment,2026-03-04,calc,,0.0,0,0,0.0,0,0,0.0,0.0,0.0,0,0,0,0.0,761,3,0.0,0.0,0.0,0.0,2026-03-05T16:11:37.325403
drip-calculator:-growth-with-automatic-reinvestmen_12,DRIP Calculator: Growth with Automatic Reinvestment,2026-03-04,calc,,0.0,0,0,0.0,0,0,0.0,0.0,0.0,0,0,0,0.0,811,4,0.0,0.0,0.0,0.0,2026-03-05T16:11:37.325447
drip-calculator:-growth-with-automatic-reinvestmen_13,DRIP Calculator: Growth with Automatic Reinvestment,2026-03-04,calc,,0.0,0,0,0.0,0,0,0.0,0.0,0.0,0,0,0,0.0,793,3,0.0,0.0,0.0,0.0,2026-03-05T16:11:37.325465
drip-calculator:-growth-with-automatic-reinvestmen_14,DRIP Calculator: Growth with Automatic Reinvestment,2026-03-04,calc,,0.0,0,0,0.0,0,0,0.0,0.0,0.0,0,0,0,0.0,746,3,0.0,0.0,0.0,0.0,2026-03-05T16:11:37.325481
drip-calculator:-growth-with-automatic-reinvestmen_15,DRIP Calculator: Growth with Automatic Reinvestment,2026-03-04,calc,,0.0,0,0,0.0,0,0,0.0,0.0,0.0,0,0,0,0.0,785,3,0.0,0.0,0.0,0.0,2026-03-05T16:11:37.325496
drip-calculator:-growth-with-automatic-reinvestmen_16,DRIP Calculator: Growth with Automatic Reinvestment,2026-03-04,calc,,0.0,0,0,0.0,0,0,0.0,0.0,0.0,0,0,0,0.0,756,3,0.0,0.0,0.0,0.0,2026-03-05T16:11:37.325513
drip-calculator:-growth-with-automatic-reinvestmen_17,DRIP Calculator: Growth with Automatic Reinvestment,2026-03-04,calc,,0.0,0,0,0.0,0,0,0.0,0.0,0.0,0,0,0,0.0,775,3,0.0,0.0,0.0,0.0,2026-03-05T16:11:37.325529
drip-calculator:-growth-with-automatic-reinvestmen_18,DRIP Calculator: Growth with Automatic Reinvestment,2026-03-04,calc,,0.0,0,0,0.0,0,0,0.0,0.0,0.0,0,0,0,0.0,822,4,0.0,0.0,0.0,0.0,2026-03-05T16:11:37.325545
drip-calculator:-growth-with-automatic-reinvestmen_19,DRIP Calculator: Growth with Automatic Reinvestment,2026-03-04,calc,,0.0,0,0,0.0,0,0,0.0,0.0,0.0,0,0,0,0.0,791,3,0.0,0.0,0.0,0.0,2026-03-05T16:11:37.325560
drip-calculator:-growth-with-automatic-reinvestmen_2,DRIP Calculator: Growth with Automatic Reinvestment,2026-03-04,calc,,0.0,0,0,0.0,0,0,0.0,0.0,0.0,0,0,0,0.0,768,3,0.0,0.0,0.0,0.0,2026-03-05T16:11:37.325574
drip-calculator:-growth-with-automatic-reinvestmen_3,DRIP Calculator: Growth with Automatic Reinvestment,2026-03-04,calc,,0.0,0,0,0.0,0,0,0.0,0.0,0.0,0,0,0,0.0,725,3,0.0,0.0,0.0,0.0,2026-03-05T16:11:37.336856
drip-calculator:-growth-with-automatic-reinvestmen_4,DRIP Calculator: Growth with Automatic Reinvestment,2026-03-04,calc,,0.0,0,0,0.0,0,0,0.0,0.0,0.0,0,0,0,0.0,825,4,0.0,0.0,0.0,0.0,2026-03-05T16:11:37.336944
drip-calculator:-growth-with-automatic-reinvestmen_5,DRIP Calculator: Growth with Automatic Reinvestment,2026-03-04,calc,,0.0,0,0,0.0,0,0,0.0,0.0,0.0,0,0,0,0.0,767,3,0.0,0.0,0.0,0.0,2026-03-05T16:11:37.336964
drip-calculator:-growth-with-automatic-reinvestmen_6,DRIP Calculator: Growth with Automatic Reinvestment,2026-03-04,calc,,0.0,0,0,0.0,0,0,0.0,0.0,0.0,0,0,0,0.0,757,3,0.0,0.0,0.0,0.0,2026-03-05T16:11:37.336982
drip-calculator:-growth-with-automatic-reinvestmen_7,DRIP Calculator: Growth with Automatic Reinvestment,2026-03-04,calc,,0.0,0,0,0.0,0,0,0.0,0.0,0.0,0,0,0,0.0,714,3,0.0,0.0,0.0,0.0,2026-03-05T16:11:37.336998
drip-calculator:-growth-with-automatic-reinvestmen_8,DRIP Calculator: Growth with Automatic Reinvestment,2026-03-04,calc,,0.0,0,0,0.0,0,0,0.0,0.0,0.0,0,0,0,0.0,808,4,0.0,0.0,0.0,0.0,2026-03-05T16:11:37.337013
drip-calculator:-growth-with-automatic-reinvestmen_9,DRIP Calculator: Growth with Automatic Reinvestment,2026-03-04,calc,,0.0,0,0,0.0,0,0,0.0,0.0,0.0,0,0,0,0.0,794,3,0.0,0.0,0.0,0.0,2026-03-05T16:11:37.337030
how-to-calculate-dividend-growth-rate,How to Calculate Dividend Growth Rate,2026-03-04,calc,,0.0,0,0,0.0,0,0,0.0,0.0,0.0,0,0,0,0.0,772,3,0.0,0.0,0.0,0.0,2026-03-05T16:11:37.337046
how-to-calculate-dividend-growth-rate_1,How to Calculate Dividend Growth Rate,2026-03-04,calc,,0.0,0,0,0.0,0,0,0.0,0.0,0.0,0,0,0,0.0,761,3,0.0,0.0,0.0,0.0,2026-03-05T16:11:37.337090
how-to-calculate-dividend-growth-rate_10,How to Calculate Dividend Growth Rate,2026-03-04,calc,,0.0,0,0,0.0,0,0,0.0,0.0,0.0,0,0,0,0.0,805,4,0.0,0.0,0.0,0.0,2026-03-05T16:11:37.337107
how-to-calculate-dividend-growth-rate_11,How to Calculate Dividend Growth Rate,2026-03-04,calc,,0.0,0,0,0.0,0,0,0.0,0.0,0.0,0,0,0,0.0,778,3,0.0,0.0,0.0,0.0,2026-03-05T16:11:37.337129
how-to-calculate-dividend-growth-rate_12,How to Calculate Dividend Growth Rate,2026-03-04,calc,,0.0,0,0,0.0,0,0,0.0,0.0,0.0,0,0,0,0.0,808,4,0.0,0.0,0.0,0.0,2026-03-05T16:11:37.337144
how-to-calculate-dividend-growth-rate_13,How to Calculate Dividend Growth Rate,2026-03-04,calc,,0.0,0,0,0.0,0,0,0.0,0.0,0.0,0,0,0,0.0,770,3,0.0,0.0,0.0,0.0,2026-03-05T16:11:37.337160
how-to-calculate-dividend-growth-rate_14,How to Calculate Dividend Growth Rate,2026-03-04,calc,,0.0,0,0,0.0,0,0,0.0,0.0,0.0,0,0,0,0.0,797,3,0.0,0.0,0.0,0.0,2026-03-05T16:11:37.337175
how-to-calculate-dividend-growth-rate_15,How to Calculate Dividend Growth Rate,2026-03-04,calc,,0.0,0,0,0.0,0,0,0.0,0.0,0.0,0,0,0,0.0,721,3,0.0,0.0,0.0,0.0,2026-03-05T16:11:37.337191
how-to-calculate-dividend-growth-rate_16,How to Calculate Dividend Growth Rate,2026-03-04,calc,,0.0,0,0,0.0,0,0,0.0,0.0,0.0,0,0,0,0.0,752,3,0.0,0.0,0.0,0.0,2026-03-05T16:11:37.337207
how-to-calculate-dividend-growth-rate_17,How to Calculate Dividend Growth Rate,2026-03-04,calc,,0.0,0,0,0.0,0,0,0.0,0.0,0.0,0,0,0,0.0,755,3,0.0,0.0,0.0,0.0,2026-03-05T16:11:37.337222
how-to-calculate-dividend-growth-rate_18,How to Calculate Dividend Growth Rate,2026-03-04,calc,,0.0,0,0,0.0,0,0,0.0,0.0,0.0,0,0,0,0.0,741,3,0.0,0.0,0.0,0.0,2026-03-05T16:11:37.337238
how-to-calculate-dividend-growth-rate_19,How to Calculate Dividend Growth Rate,2026-03-04,calc,,0.0,0,0,0.0,0,0,0.0,0.0,0.0,0,0,0,0.0,774,3,0.0,0.0,0.0,0.0,2026-03-05T16:11:37.337254
how-to-calculate-dividend-growth-rate_2,How to Calculate Dividend Growth Rate,2026-03-04,calc,,0.0,0,0,0.0,0,0,0.0,0.0,0.0,0,0,0,0.0,792,3,0.0,0.0,0.0,0.0,2026-03-05T16:11:37.337269
how-to-calculate-dividend-growth-rate_3,How to Calculate Dividend Growth Rate,2026-03-04,calc,,0.0,0,0,0.0,0,0,0.0,0.0,0.0,0,0,0,0.0,810,4,0.0,0.0,0.0,0.0,2026-03-05T16:11:37.337285
how-to-calculate-dividend-growth-rate_4,How to Calculate Dividend Growth Rate,2026-03-04,calc,,0.0,0,0,0.0,0,0,0.0,0.0,0.0,0,0,0,0.0,795,3,0.0,0.0,0.0,0.0,2026-03-05T16:11:37.337300
how-to-calculate-dividend-growth-rate_5,How to Calculate Dividend Growth Rate,2026-03-04,calc,,0.0,0,0,0.0,0,0,0.0,0.0,0.0,0,0,0,0.0,756,3,0.0,0.0,0.0,0.0,2026-03-05T16:11:37.337315
how-to-calculate-dividend-growth-rate_6,How to Calculate Dividend Growth Rate,2026-03-04,calc,,0.0,0,0,0.0,0,0,0.0,0.0,0.0,0,0,0,0.0,730,3,0.0,0.0,0.0,0.0,2026-03-05T16:11:37.337329
how-to-calculate-dividend-growth-rate_7,How to Calculate Dividend Growth Rate,2026-03-04,calc,,0.0,0,0,0.0,0,0,0.0,0.0,0.0,0,0,0,0.0,767,3,0.0,0.0,0.0,0.0,2026-03-05T16:11:37.337345
how-to-calculate-dividend-growth-rate_8,How to Calculate Dividend Growth Rate,2026-03-04,calc,,0.0,0,0,0.0,0,0,0.0,0.0,0.0,0,0,0,0.0,776,3,0.0,0.0,0.0,0.0,2026-03-05T16:11:37.337366
how-to-calculate-dividend-growth-rate_9,How to Calculate Dividend Growth Rate,2026-03-04,calc,,0.0,0,0,0.0,0,0,0.0,0.0,0.0,0,0,0,0.0,783,3,0.0,0.0,0.0,0.0,2026-03-05T16:11:37.337640
article-10,Untitled,2026-03-05,affiliate,,0.0,0,0,0.0,0,0,0.0,0.0,0.0,0,0,0,0.0,1059,5,0.0,0.0,0.0,0.0,2026-03-05T16:11:37.337672
article-100,Untitled,2026-03-05,affiliate,,0.0,0,0,0.0,0,0,0.0,0.0,0.0,0,0,0,0.0,842,4,0.0,0.0,0.0,0.0,2026-03-05T16:11:37.337690
article-101,Untitled,2026-03-05,affiliate,,0.0,0,0,0.0,0,0,0.0,0.0,0.0,0,0,0,0.0,893,4,0.0,0.0,0.0,0.0,2026-03-05T16:11:37.337706
article-102,Untitled,2026-03-05,affiliate,,0.0,0,0,0.0,0,0,0.0,0.0,0.0,0,0,0,0.0,1176,5,0.0,0.0,0.0,0.0,2026-03-05T16:11:37.337723
article-103,Untitled,2026-03-05,affiliate,,0.0,0,0,0.0,0,0,0.0,0.0,0.0,0,0,0,0.0,1062,5,0.0,0.0,0.0,0.0,2026-03-05T16:11:37.337739
article-104,Untitled,2026-03-05,affiliate,,0.0,0,0,0.0,0,0,0.0,0.0,0.0,0,0,0,0.0,1069,5,0.0,0.0,0.0,0.0,2026-03-05T16:11:37.337755
article-105,Untitled,2026-03-05,affiliate,,0.0,0,0,0.0,0,0,0.0,0.0,0.0,0,0,0,0.0,1052,5,0.0,0.0,0.0,0.0,2026-03-05T16:11:37.337769
article-106,Untitled,2026-03-05,affiliate,,0.0,0,0,0.0,0,0,0.0,0.0,0.0,0,0,0,0.0,982,4,0.0,0.0,0.0,0.0,2026-03-05T16:11:37.337782
article-107,Untitled,2026-03-05,affiliate,,0.0,0,0,0.0,0,0,0.0,0.0,0.0,0,0,0,0.0,1151,5,0.0,0.0,0.0,0.0,2026-03-05T16:11:37.337795
article-108,Untitled,2026-03-05,affiliate,,0.0,0,0,0.0,0,0,0.0,0.0,0.0,0,0,0,0.0,1064,5,0.0,0.0,0.0,0.0,2026-03-05T16:11:37.337807
article-109,Untitled,2026-03-05,affiliate,,0.0,0,0,0.0,0,0,0.0,0.0,0.0,0,0,0,0.0,1129,5,0.0,0.0,0.0,0.0,2026-03-05T16:11:37.337820
article-11,Untitled,2026-03-05,affiliate,,0.0,0,0,0.0,0,0,0.0,0.0,0.0,0,0,0,0.0,973,4,0.0,0.0,0.0,0.0,2026-03-05T16:11:37.337832
article-110,Untitled,2026-03-05,affiliate,,0.0,0,0,0.0,0,0,0.0,0.0,0.0,0,0,0,0.0,1088,5,0.0,0.0,0.0,0.0,2026-03-05T16:11:37.337844
article-111,Untitled,2026-03-05,affiliate,,0.0,0,0,0.0,0,0,0.0,0.0,0.0,0,0,0,0.0,961,4,0.0,0.0,0.0,0.0,2026-03-05T16:11:37.337857
article-112,Untitled,2026-03-05,affiliate,,0.0,0,0,0.0,0,0,0.0,0.0,0.0,0,0,0,0.0,1100,5,0.0,0.0,0.0,0.0,2026-03-05T16:11:37.337869
article-113,Untitled,2026-03-05,affiliate,,0.0,0,0,0.0,0,0,0.0,0.0,0.0,0,0,0,0.0,961,4,0.0,0.0,0.0,0.0,2026-03-05T16:11:37.337888
article-114,Untitled,2026-03-05,affiliate,,0.0,0,0,0.0,0,0,0.0,0.0,0.0,0,0,0,0.0,1113,5,0.0,0.0,0.0,0.0,2026-03-05T16:11:37.337916
article-115,Untitled,2026-03-05,affiliate,,0.0,0,0,0.0,0,0,0.0,0.0,0.0,0,0,0,0.0,1088,5,0.0,0.0,0.0,0.0,2026-03-05T16:11:37.337931
article-116,Untitled,2026-03-05,affiliate,,0.0,0,0,0.0,0,0,0.0,0.0,0.0,0,0,0,0.0,938,4,0.0,0.0,0.0,0.0,2026-03-05T16:11:37.337945
article-117,Untitled,2026-03-05,affiliate,,0.0,0,0,0.0,0,0,0.0,0.0,0.0,0,0,0,0.0,1120,5,0.0,0.0,0.0,0.0,2026-03-05T16:11:37.337958
article-118,Untitled,2026-03-05,affiliate,,0.0,0,0,0.0,0,0,0.0,0.0,0.0,0,0,0,0.0,1100,5,0.0,0.0,0.0,0.0,2026-03-05T16:11:37.337970
article-119,Untitled,2026-03-05,affiliate,,0.0,0,0,0.0,0,0,0.0,0.0,0.0,0,0,0,0.0,1070,5,0.0,0.0,0.0,0.0,2026-03-05T16:11:37.337983
article-12,Untitled,2026-03-05,affiliate,,0.0,0,0,0.0,0,0,0.0,0.0,0.0,0,0,0,0.0,867,4,0.0,0.0,0.0,0.0,2026-03-05T16:11:37.337996
article-120,Untitled,2026-03-05,affiliate,,0.0,0,0,0.0,0,0,0.0,0.0,0.0,0,0,0,0.0,1092,5,0.0,0.0,0.0,0.0,2026-03-05T16:11:37.338008
article-121,Untitled,2026-03-05,affiliate,,0.0,0,0,0.0,0,0,0.0,0.0,0.0,0,0,0,0.0,914,4,0.0,0.0,0.0,0.0,2026-03-05T16:11:37.338021
article-122,Untitled,2026-03-05,affiliate,,0.0,0,0,0.0,0,0,0.0,0.0,0.0,0,0,0,0.0,1129,5,0.0,0.0,0.0,0.0,2026-03-05T16:11:37.338033
article-123,Untitled,2026-03-05,affiliate,,0.0,0,0,0.0,0,0,0.0,0.0,0.0,0,0,0,0.0,1017,5,0.0,0.0,0.0,0.0,2026-03-05T16:11:37.338045
article-124,Untitled,2026-03-05,affiliate,,0.0,0,0,0.0,0,0,0.0,0.0,0.0,0,0,0,0.0,1050,5,0.0,0.0,0.0,0.0,2026-03-05T16:11:37.338060
article-125,Untitled,2026-03-05,affiliate,,0.0,0,0,0.0,0,0,0.0,0.0,0.0,0,0,0,0.0,1083,5,0.0,0.0,0.0,0.0,2026-03-05T16:11:37.338074
article-126,Untitled,2026-03-05,affiliate,,0.0,0,0,0.0,0,0,0.0,0.0,0.0,0,0,0,0.0,1005,5,0.0,0.0,0.0,0.0,2026-03-05T16:11:37.338092
article-127,Untitled,2026-03-05,affiliate,,0.0,0,0,0.0,0,0,0.0,0.0,0.0,0,0,0,0.0,1074,5,0.0,0.0,0.0,0.0,2026-03-05T16:11:37.338107
article-128,Untitled,2026-03-05,affiliate,,0.0,0,0,0.0,0,0,0.0,0.0,0.0,0,0,0,0.0,1110,5,0.0,0.0,0.0,0.0,2026-03-05T16:11:37.338122
article-129,Untitled,2026-03-05,affiliate,,0.0,0,0,0.0,0,0,0.0,0.0,0.0,0,0,0,0.0,1073,5,0.0,0.0,0.0,0.0,2026-03-05T16:11:37.338143
article-13,Untitled,2026-03-05,affiliate,,0.0,0,0,0.0,0,0,0.0,0.0,0.0,0,0,0,0.0,956,4,0.0,0.0,0.0,0.0,2026-03-05T16:11:37.338160
article-130,Untitled,2026-03-05,affiliate,,0.0,0,0,0.0,0,0,0.0,0.0,0.0,0,0,0,0.0,973,4,0.0,0.0,0.0,0.0,2026-03-05T16:11:37.338174
article-131,Untitled,2026-03-05,affiliate,,0.0,0,0,0.0,0,0,0.0,0.0,0.0,0,0,0,0.0,1012,5,0.0,0.0,0.0,0.0,2026-03-05T16:11:37.338189
article-132,Untitled,2026-03-05,affiliate,,0.0,0,0,0.0,0,0,0.0,0.0,0.0,0,0,0,0.0,1081,5,0.0,0.0,0.0,0.0,2026-03-05T16:11:37.338211
article-133,Untitled,2026-03-05,affiliate,,0.0,0,0,0.0,0,0,0.0,0.0,0.0,0,0,0,0.0,1052,5,0.0,0.0,0.0,0.0,2026-03-05T16:11:37.338228
article-134,Untitled,2026-03-05,affiliate,,0.0,0,0,0.0,0,0,0.0,0.0,0.0,0,0,0,0.0,1057,5,0.0,0.0,0.0,0.0,2026-03-05T16:11:37.338242
article-135,Untitled,2026-03-05,affiliate,,0.0,0,0,0.0,0,0,0.0,0.0,0.0,0,0,0,0.0,1114,5,0.0,0.0,0.0,0.0,2026-03-05T16:11:37.338257
article-136,Untitled,2026-03-05,affiliate,,0.0,0,0,0.0,0,0,0.0,0.0,0.0,0,0,0,0.0,938,4,0.0,0.0,0.0,0.0,2026-03-05T16:11:37.338271
article-137,Untitled,2026-03-05,affiliate,,0.0,0,0,0.0,0,0,0.0,0.0,0.0,0,0,0,0.0,1205,6,0.0,0.0,0.0,0.0,2026-03-05T16:11:37.338397
article-138,Untitled,2026-03-05,affiliate,,0.0,0,0,0.0,0,0,0.0,0.0,0.0,0,0,0,0.0,965,4,0.0,0.0,0.0,0.0,2026-03-05T16:11:37.338417
article-139,Untitled,2026-03-05,affiliate,,0.0,0,0,0.0,0,0,0.0,0.0,0.0,0,0,0,0.0,1059,5,0.0,0.0,0.0,0.0,2026-03-05T16:11:37.338433
article-14,Untitled,2026-03-05,affiliate,,0.0,0,0,0.0,0,0,0.0,0.0,0.0,0,0,0,0.0,1113,5,0.0,0.0,0.0,0.0,2026-03-05T16:11:37.338448
article-140,Untitled,2026-03-05,affiliate,,0.0,0,0,0.0,0,0,0.0,0.0,0.0,0,0,0,0.0,1079,5,0.0,0.0,0.0,0.0,2026-03-05T16:11:37.338464
article-143,Untitled,2026-03-05,affiliate,,0.0,0,0,0.0,0,0,0.0,0.0,0.0,0,0,0,0.0,978,4,0.0,0.0,0.0,0.0,2026-03-05T16:11:37.338478
article-144,Untitled,2026-03-05,affiliate,,0.0,0,0,0.0,0,0,0.0,0.0,0.0,0,0,0,0.0,971,4,0.0,0.0,0.0,0.0,2026-03-05T16:11:37.338491
article-145,Untitled,2026-03-05,affiliate,,0.0,0,0,0.0,0,0,0.0,0.0,0.0,0,0,0,0.0,1063,5,0.0,0.0,0.0,0.0,2026-03-05T16:11:37.338503
article-146,Untitled,2026-03-05,affiliate,,0.0,0,0,0.0,0,0,0.0,0.0,0.0,0,0,0,0.0,955,4,0.0,0.0,0.0,0.0,2026-03-05T16:11:37.338527
article-147,Untitled,2026-03-05,affiliate,,0.0,0,0,0.0,0,0,0.0,0.0,0.0,0,0,0,0.0,1100,5,0.0,0.0,0.0,0.0,2026-03-05T16:11:37.338542
article-148,Untitled,2026-03-05,affiliate,,0.0,0,0,0.0,0,0,0.0,0.0,0.0,0,0,0,0.0,883,4,0.0,0.0,0.0,0.0,2026-03-05T16:11:37.338556
article-149,Untitled,2026-03-05,affiliate,,0.0,0,0,0.0,0,0,0.0,0.0,0.0,0,0,0,0.0,1179,5,0.0,0.0,0.0,0.0,2026-03-05T16:11:37.338569
article-15,Untitled,2026-03-05,affiliate,,0.0,0,0,0.0,0,0,0.0,0.0,0.0,0,0,0,0.0,1168,5,0.0,0.0,0.0,0.0,2026-03-05T16:11:37.338582
article-150,Untitled,2026-03-05,affiliate,,0.0,0,0,0.0,0,0,0.0,0.0,0.0,0,0,0,0.0,1104,5,0.0,0.0,0.0,0.0,2026-03-05T16:11:37.338595
article-16,Untitled,2026-03-05,affiliate,,0.0,0,0,0.0,0,0,0.0,0.0,0.0,0,0,0,0.0,969,4,0.0,0.0,0.0,0.0,2026-03-05T16:11:37.338608
article-17,Untitled,2026-03-05,affiliate,,0.0,0,0,0.0,0,0,0.0,0.0,0.0,0,0,0,0.0,1107,5,0.0,0.0,0.0,0.0,2026-03-05T16:11:37.338620
article-18,Untitled,2026-03-05,affiliate,,0.0,0,0,0.0,0,0,0.0,0.0,0.0,0,0,0,0.0,1006,5,0.0,0.0,0.0,0.0,2026-03-05T16:11:37.338633
article-19,Untitled,2026-03-05,affiliate,,0.0,0,0,0.0,0,0,0.0,0.0,0.0,0,0,0,0.0,1174,5,0.0,0.0,0.0,0.0,2026-03-05T16:11:37.338646
article-2,Untitled,2026-03-05,affiliate,,0.0,0,0,0.0,0,0,0.0,0.0,0.0,0,0,0,0.0,1095,5,0.0,0.0,0.0,0.0,2026-03-05T16:11:37.338659
article-20,Untitled,2026-03-05,affiliate,,0.0,0,0,0.0,0,0,0.0,0.0,0.0,0,0,0,0.0,1060,5,0.0,0.0,0.0,0.0,2026-03-05T16:11:37.338671
article-21,Untitled,2026-03-05,affiliate,,0.0,0,0,0.0,0,0,0.0,0.0,0.0,0,0,0,0.0,917,4,0.0,0.0,0.0,0.0,2026-03-05T16:11:37.338684
article-22,Untitled,2026-03-05,affiliate,,0.0,0,0,0.0,0,0,0.0,0.0,0.0,0,0,0,0.0,1110,5,0.0,0.0,0.0,0.0,2026-03-05T16:11:37.338696
article-24,Untitled,2026-03-05,affiliate,,0.0,0,0,0.0,0,0,0.0,0.0,0.0,0,0,0,0.0,1098,5,0.0,0.0,0.0,0.0,2026-03-05T16:11:37.338708
article-26,Untitled,2026-03-05,affiliate,,0.0,0,0,0.0,0,0,0.0,0.0,0.0,0,0,0,0.0,935,4,0.0,0.0,0.0,0.0,2026-03-05T16:11:37.338721
article-27,Untitled,2026-03-05,affiliate,,0.0,0,0,0.0,0,0,0.0,0.0,0.0,0,0,0,0.0,1093,5,0.0,0.0,0.0,0.0,2026-03-05T16:11:37.338733
article-28,Untitled,2026-03-05,affiliate,,0.0,0,0,0.0,0,0,0.0,0.0,0.0,0,0,0,0.0,1125,5,0.0,0.0,0.0,0.0,2026-03-05T16:11:37.338752
article-29,Untitled,2026-03-05,affiliate,,0.0,0,0,0.0,0,0,0.0,0.0,0.0,0,0,0,0.0,1123,5,0.0,0.0,0.0,0.0,2026-03-05T16:11:37.338767
article-30,Untitled,2026-03-05,affiliate,,0.0,0,0,0.0,0,0,0.0,0.0,0.0,0,0,0,0.0,1144,5,0.0,0.0,0.0,0.0,2026-03-05T16:11:37.338779
article-31,Untitled,2026-03-05,affiliate,,0.0,0,0,0.0,0,0,0.0,0.0,0.0,0,0,0,0.0,955,4,0.0,0.0,0.0,0.0,2026-03-05T16:11:37.338792
article-32,Untitled,2026-03-05,affiliate,,0.0,0,0,0.0,0,0,0.0,0.0,0.0,0,0,0,0.0,1038,5,0.0,0.0,0.0,0.0,2026-03-05T16:11:37.338804
article-33,Untitled,2026-03-05,affiliate,,0.0,0,0,0.0,0,0,0.0,0.0,0.0,0,0,0,0.0,1054,5,0.0,0.0,0.0,0.0,2026-03-05T16:11:37.338817
article-34,Untitled,2026-03-05,affiliate,,0.0,0,0,0.0,0,0,0.0,0.0,0.0,0,0,0,0.0,1076,5,0.0,0.0,0.0,0.0,2026-03-05T16:11:37.338829
article-35,Untitled,2026-03-05,affiliate,,0.0,0,0,0.0,0,0,0.0,0.0,0.0,0,0,0,0.0,948,4,0.0,0.0,0.0,0.0,2026-03-05T16:11:37.338852
article-36,Untitled,2026-03-05,affiliate,,0.0,0,0,0.0,0,0,0.0,0.0,0.0,0,0,0,0.0,959,4,0.0,0.0,0.0,0.0,2026-03-05T16:11:37.338866
article-37,Untitled,2026-03-05,affiliate,,0.0,0,0,0.0,0,0,0.0,0.0,0.0,0,0,0,0.0,1070,5,0.0,0.0,0.0,0.0,2026-03-05T16:11:37.338976
article-38,Untitled,2026-03-05,affiliate,,0.0,0,0,0.0,0,0,0.0,0.0,0.0,0,0,0,0.0,1130,5,0.0,0.0,0.0,0.0,2026-03-05T16:11:37.338992
article-39,Untitled,2026-03-05,affiliate,,0.0,0,0,0.0,0,0,0.0,0.0,0.0,0,0,0,0.0,1090,5,0.0,0.0,0.0,0.0,2026-03-05T16:11:37.339005
article-40,Untitled,2026-03-05,affiliate,,0.0,0,0,0.0,0,0,0.0,0.0,0.0,0,0,0,0.0,1056,5,0.0,0.0,0.0,0.0,2026-03-05T16:11:37.339018
article-41,Untitled,2026-03-05,affiliate,,0.0,0,0,0.0,0,0,0.0,0.0,0.0,0,0,0,0.0,882,4,0.0,0.0,0.0,0.0,2026-03-05T16:11:37.339031
article-42,Untitled,2026-03-05,affiliate,,0.0,0,0,0.0,0,0,0.0,0.0,0.0,0,0,0,0.0,1035,5,0.0,0.0,0.0,0.0,2026-03-05T16:11:37.339044
article-43,Untitled,2026-03-05,affiliate,,0.0,0,0,0.0,0,0,0.0,0.0,0.0,0,0,0,0.0,1074,5,0.0,0.0,0.0,0.0,2026-03-05T16:11:37.339056
article-44,Untitled,2026-03-05,affiliate,,0.0,0,0,0.0,0,0,0.0,0.0,0.0,0,0,0,0.0,1066,5,0.0,0.0,0.0,0.0,2026-03-05T16:11:37.339068
article-45,Untitled,2026-03-05,affiliate,,0.0,0,0,0.0,0,0,0.0,0.0,0.0,0,0,0,0.0,1039,5,0.0,0.0,0.0,0.0,2026-03-05T16:11:37.339081
article-46,Untitled,2026-03-05,affiliate,,0.0,0,0,0.0,0,0,0.0,0.0,0.0,0,0,0,0.0,934,4,0.0,0.0,0.0,0.0,2026-03-05T16:11:37.339104
article-47,Untitled,2026-03-05,affiliate,,0.0,0,0,0.0,0,0,0.0,0.0,0.0,0,0,0,0.0,1076,5,0.0,0.0,0.0,0.0,2026-03-05T16:11:37.339118
article-48,Untitled,2026-03-05,affiliate,,0.0,0,0,0.0,0,0,0.0,0.0,0.0,0,0,0,0.0,792,3,0.0,0.0,0.0,0.0,2026-03-05T16:11:37.339130
article-49,Untitled,2026-03-05,affiliate,,0.0,0,0,0.0,0,0,0.0,0.0,0.0,0,0,0,0.0,1076,5,0.0,0.0,0.0,0.0,2026-03-05T16:11:37.339143
article-5,Untitled,2026-03-05,affiliate,,0.0,0,0,0.0,0,0,0.0,0.0,0.0,0,0,0,0.0,1083,5,0.0,0.0,0.0,0.0,2026-03-05T16:11:37.339156
article-50,Untitled,2026-03-05,affiliate,,0.0,0,0,0.0,0,0,0.0,0.0,0.0,0,0,0,0.0,1213,6,0.0,0.0,0.0,0.0,2026-03-05T16:11:37.339168
article-51,Untitled,2026-03-05,affiliate,,0.0,0,0,0.0,0,0,0.0,0.0,0.0,0,0,0,0.0,928,4,0.0,0.0,0.0,0.0,2026-03-05T16:11:37.339181
article-52,Untitled,2026-03-05,affiliate,,0.0,0,0,0.0,0,0,0.0,0.0,0.0,0,0,0,0.0,1169,5,0.0,0.0,0.0,0.0,2026-03-05T16:11:37.339195
article-53,Untitled,2026-03-05,affiliate,,0.0,0,0,0.0,0,0,0.0,0.0,0.0,0,0,0,0.0,1079,5,0.0,0.0,0.0,0.0,2026-03-05T16:11:37.339207
article-54,Untitled,2026-03-05,affiliate,,0.0,0,0,0.0,0,0,0.0,0.0,0.0,0,0,0,0.0,1015,5,0.0,0.0,0.0,0.0,2026-03-05T16:11:37.339220
article-55,Untitled,2026-03-05,affiliate,,0.0,0,0,0.0,0,0,0.0,0.0,0.0,0,0,0,0.0,1072,5,0.0,0.0,0.0,0.0,2026-03-05T16:11:37.339232
article-56,Untitled,2026-03-05,affiliate,,0.0,0,0,0.0,0,0,0.0,0.0,0.0,0,0,0,0.0,910,4,0.0,0.0,0.0,0.0,2026-03-05T16:11:37.339245
article-57,Untitled,2026-03-05,affiliate,,0.0,0,0,0.0,0,0,0.0,0.0,0.0,0,0,0,0.0,1100,5,0.0,0.0,0.0,0.0,2026-03-05T16:11:37.339258
article-58,Untitled,2026-03-05,affiliate,,0.0,0,0,0.0,0,0,0.0,0.0,0.0,0,0,0,0.0,991,4,0.0,0.0,0.0,0.0,2026-03-05T16:11:37.339270
article-59,Untitled,2026-03-05,affiliate,,0.0,0,0,0.0,0,0,0.0,0.0,0.0,0,0,0,0.0,1086,5,0.0,0.0,0.0,0.0,2026-03-05T16:11:37.339283
article-6,Untitled,2026-03-05,affiliate,,0.0,0,0,0.0,0,0,0.0,0.0,0.0,0,0,0,0.0,797,3,0.0,0.0,0.0,0.0,2026-03-05T16:11:37.339295
article-60,Untitled,2026-03-05,affiliate,,0.0,0,0,0.0,0,0,0.0,0.0,0.0,0,0,0,0.0,1088,5,0.0,0.0,0.0,0.0,2026-03-05T16:11:37.339314
article-61,Untitled,2026-03-05,affiliate,,0.0,0,0,0.0,0,0,0.0,0.0,0.0,0,0,0,0.0,1009,5,0.0,0.0,0.0,0.0,2026-03-05T16:11:37.339328
article-62,Untitled,2026-03-05,affiliate,,0.0,0,0,0.0,0,0,0.0,0.0,0.0,0,0,0,0.0,1042,5,0.0,0.0,0.0,0.0,2026-03-05T16:11:37.339341
article-63,Untitled,2026-03-05,affiliate,,0.0,0,0,0.0,0,0,0.0,0.0,0.0,0,0,0,0.0,1014,5,0.0,0.0,0.0,0.0,2026-03-05T16:11:37.339353
article-64,Untitled,2026-03-05,affiliate,,0.0,0,0,0.0,0,0,0.0,0.0,0.0,0,0,0,0.0,1067,5,0.0,0.0,0.0,0.0,2026-03-05T16:11:37.339366
article-65,Untitled,2026-03-05,affiliate,,0.0,0,0,0.0,0,0,0.0,0.0,0.0,0,0,0,0.0,856,4,0.0,0.0,0.0,0.0,2026-03-05T16:11:37.339378
article-66,Untitled,2026-03-05,affiliate,,0.0,0,0,0.0,0,0,0.0,0.0,0.0,0,0,0,0.0,945,4,0.0,0.0,0.0,0.0,2026-03-05T16:11:37.339390
article-67,Untitled,2026-03-05,affiliate,,0.0,0,0,0.0,0,0,0.0,0.0,0.0,0,0,0,0.0,1056,5,0.0,0.0,0.0,0.0,2026-03-05T16:11:37.339403
article-68,Untitled,2026-03-05,affiliate,,0.0,0,0,0.0,0,0,0.0,0.0,0.0,0,0,0,0.0,1105,5,0.0,0.0,0.0,0.0,2026-03-05T16:11:37.339415
article-69,Untitled,2026-03-05,affiliate,,0.0,0,0,0.0,0,0,0.0,0.0,0.0,0,0,0,0.0,1094,5,0.0,0.0,0.0,0.0,2026-03-05T16:11:37.339428
article-7,Untitled,2026-03-05,affiliate,,0.0,0,0,0.0,0,0,0.0,0.0,0.0,0,0,0,0.0,1109,5,0.0,0.0,0.0,0.0,2026-03-05T16:11:37.339440
article-70,Untitled,2026-03-05,affiliate,,0.0,0,0,0.0,0,0,0.0,0.0,0.0,0,0,0,0.0,1057,5,0.0,0.0,0.0,0.0,2026-03-05T16:11:37.339452
article-71,Untitled,2026-03-05,affiliate,,0.0,0,0,0.0,0,0,0.0,0.0,0.0,0,0,0,0.0,888,4,0.0,0.0,0.0,0.0,2026-03-05T16:11:37.339465
article-72,Untitled,2026-03-05,affiliate,,0.0,0,0,0.0,0,0,0.0,0.0,0.0,0,0,0,0.0,1058,5,0.0,0.0,0.0,0.0,2026-03-05T16:11:37.339478
article-73,Untitled,2026-03-05,affiliate,,0.0,0,0,0.0,0,0,0.0,0.0,0.0,0,0,0,0.0,950,4,0.0,0.0,0.0,0.0,2026-03-05T16:11:37.339490
article-74,Untitled,2026-03-05,affiliate,,0.0,0,0,0.0,0,0,0.0,0.0,0.0,0,0,0,0.0,948,4,0.0,0.0,0.0,0.0,2026-03-05T16:11:37.339502
article-75,Untitled,2026-03-05,affiliate,,0.0,0,0,0.0,0,0,0.0,0.0,0.0,0,0,0,0.0,1046,5,0.0,0.0,0.0,0.0,2026-03-05T16:11:37.339514
article-76,Untitled,2026-03-05,affiliate,,0.0,0,0,0.0,0,0,0.0,0.0,0.0,0,0,0,0.0,808,4,0.0,0.0,0.0,0.0,2026-03-05T16:11:37.339533
article-77,Untitled,2026-03-05,affiliate,,0.0,0,0,0.0,0,0,0.0,0.0,0.0,0,0,0,0.0,962,4,0.0,0.0,0.0,0.0,2026-03-05T16:11:37.339546
article-78,Untitled,2026-03-05,affiliate,,0.0,0,0,0.0,0,0,0.0,0.0,0.0,0,0,0,0.0,1029,5,0.0,0.0,0.0,0.0,2026-03-05T16:11:37.339559
article-79,Untitled,2026-03-05,affiliate,,0.0,0,0,0.0,0,0,0.0,0.0,0.0,0,0,0,0.0,1047,5,0.0,0.0,0.0,0.0,2026-03-05T16:11:37.339579
article-8,Untitled,2026-03-05,affiliate,,0.0,0,0,0.0,0,0,0.0,0.0,0.0,0,0,0,0.0,949,4,0.0,0.0,0.0,0.0,2026-03-05T16:11:37.339593
article-80,Untitled,2026-03-05,affiliate,,0.0,0,0,0.0,0,0,0.0,0.0,0.0,0,0,0,0.0,1104,5,0.0,0.0,0.0,0.0,2026-03-05T16:11:37.339605
article-81,Untitled,2026-03-05,affiliate,,0.0,0,0,0.0,0,0,0.0,0.0,0.0,0,0,0,0.0,1041,5,0.0,0.0,0.0,0.0,2026-03-05T16:11:37.339624
article-82,Untitled,2026-03-05,affiliate,,0.0,0,0,0.0,0,0,0.0,0.0,0.0,0,0,0,0.0,1105,5,0.0,0.0,0.0,0.0,2026-03-05T16:11:37.339637
article-83,Untitled,2026-03-05,affiliate,,0.0,0,0,0.0,0,0,0.0,0.0,0.0,0,0,0,0.0,1033,5,0.0,0.0,0.0,0.0,2026-03-05T16:11:37.339650
article-84,Untitled,2026-03-05,affiliate,,0.0,0,0,0.0,0,0,0.0,0.0,0.0,0,0,0,0.0,1087,5,0.0,0.0,0.0,0.0,2026-03-05T16:11:37.339662
article-85,Untitled,2026-03-05,affiliate,,0.0,0,0,0.0,0,0,0.0,0.0,0.0,0,0,0,0.0,1031,5,0.0,0.0,0.0,0.0,2026-03-05T16:11:37.339674
article-86,Untitled,2026-03-05,affiliate,,0.0,0,0,0.0,0,0,0.0,0.0,0.0,0,0,0,0.0,959,4,0.0,0.0,0.0,0.0,2026-03-05T16:11:37.339687
article-87,Untitled,2026-03-05,affiliate,,0.0,0,0,0.0,0,0,0.0,0.0,0.0,0,0,0,0.0,1149,5,0.0,0.0,0.0,0.0,2026-03-05T16:11:37.339700
article-88,Untitled,2026-03-05,affiliate,,0.0,0,0,0.0,0,0,0.0,0.0,0.0,0,0,0,0.0,956,4,0.0,0.0,0.0,0.0,2026-03-05T16:11:37.339712
article-89,Untitled,2026-03-05,affiliate,,0.0,0,0,0.0,0,0,0.0,0.0,0.0,0,0,0,0.0,1086,5,0.0,0.0,0.0,0.0,2026-03-05T16:11:37.339725
article-9,Untitled,2026-03-05,affiliate,,0.0,0,0,0.0,0,0,0.0,0.0,0.0,0,0,0,0.0,995,4,0.0,0.0,0.0,0.0,2026-03-05T16:11:37.339737
article-90,Untitled,2026-03-05,affiliate,,0.0,0,0,0.0,0,0,0.0,0.0,0.0,0,0,0,0.0,1144,5,0.0,0.0,0.0,0.0,2026-03-05T16:11:37.339750
article-92,Untitled,2026-03-05,affiliate,,0.0,0,0,0.0,0,0,0.0,0.0,0.0,0,0,0,0.0,1093,5,0.0,0.0,0.0,0.0,2026-03-05T16:11:37.339776
article-93,Untitled,2026-03-05,affiliate,,0.0,0,0,0.0,0,0,0.0,0.0,0.0,0,0,0,0.0,1103,5,0.0,0.0,0.0,0.0,2026-03-05T16:11:37.339793
article-94,Untitled,2026-03-05,affiliate,,0.0,0,0,0.0,0,0,0.0,0.0,0.0,0,0,0,0.0,1116,5,0.0,0.0,0.0,0.0,2026-03-05T16:11:37.339809
article-95,Untitled,2026-03-05,affiliate,,0.0,0,0,0.0,0,0,0.0,0.0,0.0,0,0,0,0.0,1181,5,0.0,0.0,0.0,0.0,2026-03-05T16:11:37.339822
article-96,Untitled,2026-03-05,affiliate,,0.0,0,0,0.0,0,0,0.0,0.0,0.0,0,0,0,0.0,979,4,0.0,0.0,0.0,0.0,2026-03-05T16:11:37.339835
article-97,Untitled,2026-03-05,affiliate,,0.0,0,0,0.0,0,0,0.0,0.0,0.0,0,0,0,0.0,1041,5,0.0,0.0,0.0,0.0,2026-03-05T16:11:37.340063
article-98,Untitled,2026-03-05,affiliate,,0.0,0,0,0.0,0,0,0.0,0.0,0.0,0,0,0,0.0,987,4,0.0,0.0,0.0,0.0,2026-03-05T16:11:37.340079
article-99,Untitled,2026-03-05,affiliate,,0.0,0,0,0.0,0,0,0.0,0.0,0.0,0,0,0,0.0,1105,5,0.0,0.0,0.0,0.0,2026-03-05T16:11:37.340095
article-1,Untitled,2026-03-05,quant,,0.0,0,0,0.0,0,0,0.0,0.0,0.0,0,0,0,0.0,835,4,0.0,0.0,0.0,0.0,2026-03-05T16:11:37.340113
article-10,Untitled,2026-03-05,quant,,0.0,0,0,0.0,0,0,0.0,0.0,0.0,0,0,0,0.0,866,4,0.0,0.0,0.0,0.0,2026-03-05T16:11:37.340129
article-11,Untitled,2026-03-05,quant,,0.0,0,0,0.0,0,0,0.0,0.0,0.0,0,0,0,0.0,972,4,0.0,0.0,0.0,0.0,2026-03-05T16:11:37.340144
article-12,Untitled,2026-03-05,quant,,0.0,0,0,0.0,0,0,0.0,0.0,0.0,0,0,0,0.0,991,4,0.0,0.0,0.0,0.0,2026-03-05T16:11:37.340159
article-13,Untitled,2026-03-05,quant,,0.0,0,0,0.0,0,0,0.0,0.0,0.0,0,0,0,0.0,1016,5,0.0,0.0,0.0,0.0,2026-03-05T16:11:37.340173
article-14,Untitled,2026-03-05,quant,,0.0,0,0,0.0,0,0,0.0,0.0,0.0,0,0,0,0.0,873,4,0.0,0.0,0.0,0.0,2026-03-05T16:11:37.340188
article-15,Untitled,2026-03-05,quant,,0.0,0,0,0.0,0,0,0.0,0.0,0.0,0,0,0,0.0,928,4,0.0,0.0,0.0,0.0,2026-03-05T16:11:37.340202
article-16,Untitled,2026-03-05,quant,,0.0,0,0,0.0,0,0,0.0,0.0,0.0,0,0,0,0.0,868,4,0.0,0.0,0.0,0.0,2026-03-05T16:11:37.340216
article-17,Untitled,2026-03-05,quant,,0.0,0,0,0.0,0,0,0.0,0.0,0.0,0,0,0,0.0,908,4,0.0,0.0,0.0,0.0,2026-03-05T16:11:37.340230
article-18,Untitled,2026-03-05,quant,,0.0,0,0,0.0,0,0,0.0,0.0,0.0,0,0,0,0.0,975,4,0.0,0.0,0.0,0.0,2026-03-05T16:11:37.340244
article-19,Untitled,2026-03-05,quant,,0.0,0,0,0.0,0,0,0.0,0.0,0.0,0,0,0,0.0,908,4,0.0,0.0,0.0,0.0,2026-03-05T16:11:37.340288
article-2,Untitled,2026-03-05,quant,,0.0,0,0,0.0,0,0,0.0,0.0,0.0,0,0,0,0.0,914,4,0.0,0.0,0.0,0.0,2026-03-05T16:11:37.340305
article-20,Untitled,2026-03-05,quant,,0.0,0,0,0.0,0,0,0.0,0.0,0.0,0,0,0,0.0,831,4,0.0,0.0,0.0,0.0,2026-03-05T16:11:37.340320
article-21,Untitled,2026-03-05,quant,,0.0,0,0,0.0,0,0,0.0,0.0,0.0,0,0,0,0.0,961,4,0.0,0.0,0.0,0.0,2026-03-05T16:11:37.340334
article-22,Untitled,2026-03-05,quant,,0.0,0,0,0.0,0,0,0.0,0.0,0.0,0,0,0,0.0,969,4,0.0,0.0,0.0,0.0,2026-03-05T16:11:37.340346
article-23,Untitled,2026-03-05,quant,,0.0,0,0,0.0,0,0,0.0,0.0,0.0,0,0,0,0.0,962,4,0.0,0.0,0.0,0.0,2026-03-05T16:11:37.340361
article-24,Untitled,2026-03-05,quant,,0.0,0,0,0.0,0,0,0.0,0.0,0.0,0,0,0,0.0,936,4,0.0,0.0,0.0,0.0,2026-03-05T16:11:37.340375
article-25,Untitled,2026-03-05,quant,,0.0,0,0,0.0,0,0,0.0,0.0,0.0,0,0,0,0.0,881,4,0.0,0.0,0.0,0.0,2026-03-05T16:11:37.340390
article-26,Untitled,2026-03-05,quant,,0.0,0,0,0.0,0,0,0.0,0.0,0.0,0,0,0,0.0,825,4,0.0,0.0,0.0,0.0,2026-03-05T16:11:37.340404
article-27,Untitled,2026-03-05,quant,,0.0,0,0,0.0,0,0,0.0,0.0,0.0,0,0,0,0.0,917,4,0.0,0.0,0.0,0.0,2026-03-05T16:11:37.340419
article-28,Untitled,2026-03-05,quant,,0.0,0,0,0.0,0,0,0.0,0.0,0.0,0,0,0,0.0,882,4,0.0,0.0,0.0,0.0,2026-03-05T16:11:37.340434
article-29,Untitled,2026-03-05,quant,,0.0,0,0,0.0,0,0,0.0,0.0,0.0,0,0,0,0.0,905,4,0.0,0.0,0.0,0.0,2026-03-05T16:11:37.340449
article-3,Untitled,2026-03-05,quant,,0.0,0,0,0.0,0,0,0.0,0.0,0.0,0,0,0,0.0,950,4,0.0,0.0,0.0,0.0,2026-03-05T16:11:37.340464
article-30,Untitled,2026-03-05,quant,,0.0,0,0,0.0,0,0,0.0,0.0,0.0,0,0,0,0.0,991,4,0.0,0.0,0.0,0.0,2026-03-05T16:11:37.340479
article-31,Untitled,2026-03-05,quant,,0.0,0,0,0.0,0,0,0.0,0.0,0.0,0,0,0,0.0,951,4,0.0,0.0,0.0,0.0,2026-03-05T16:11:37.340494
article-32,Untitled,2026-03-05,quant,,0.0,0,0,0.0,0,0,0.0,0.0,0.0,0,0,0,0.0,939,4,0.0,0.0,0.0,0.0,2026-03-05T16:11:37.340509
article-33,Untitled,2026-03-05,quant,,0.0,0,0,0.0,0,0,0.0,0.0,0.0,0,0,0,0.0,879,4,0.0,0.0,0.0,0.0,2026-03-05T16:11:37.340532
article-34,Untitled,2026-03-05,quant,,0.0,0,0,0.0,0,0,0.0,0.0,0.0,0,0,0,0.0,1003,5,0.0,0.0,0.0,0.0,2026-03-05T16:11:37.340548
article-35,Untitled,2026-03-05,quant,,0.0,0,0,0.0,0,0,0.0,0.0,0.0,0,0,0,0.0,902,4,0.0,0.0,0.0,0.0,2026-03-05T16:11:37.340562
article-36,Untitled,2026-03-05,quant,,0.0,0,0,0.0,0,0,0.0,0.0,0.0,0,0,0,0.0,952,4,0.0,0.0,0.0,0.0,2026-03-05T16:11:37.340578
article-37,Untitled,2026-03-05,quant,,0.0,0,0,0.0,0,0,0.0,0.0,0.0,0,0,0,0.0,817,4,0.0,0.0,0.0,0.0,2026-03-05T16:11:37.340592
article-38,Untitled,2026-03-05,quant,,0.0,0,0,0.0,0,0,0.0,0.0,0.0,0,0,0,0.0,981,4,0.0,0.0,0.0,0.0,2026-03-05T16:11:37.340607
article-39,Untitled,2026-03-05,quant,,0.0,0,0,0.0,0,0,0.0,0.0,0.0,0,0,0,0.0,772,3,0.0,0.0,0.0,0.0,2026-03-05T16:11:37.340629
article-4,Untitled,2026-03-05,quant,,0.0,0,0,0.0,0,0,0.0,0.0,0.0,0,0,0,0.0,956,4,0.0,0.0,0.0,0.0,2026-03-05T16:11:37.340644
article-40,Untitled,2026-03-05,quant,,0.0,0,0,0.0,0,0,0.0,0.0,0.0,0,0,0,0.0,868,4,0.0,0.0,0.0,0.0,2026-03-05T16:11:37.340660
article-41,Untitled,2026-03-05,quant,,0.0,0,0,0.0,0,0,0.0,0.0,0.0,0,0,0,0.0,983,4,0.0,0.0,0.0,0.0,2026-03-05T16:11:37.340675
article-42,Untitled,2026-03-05,quant,,0.0,0,0,0.0,0,0,0.0,0.0,0.0,0,0,0,0.0,868,4,0.0,0.0,0.0,0.0,2026-03-05T16:11:37.340689
article-43,Untitled,2026-03-05,quant,,0.0,0,0,0.0,0,0,0.0,0.0,0.0,0,0,0,0.0,1006,5,0.0,0.0,0.0,0.0,2026-03-05T16:11:37.340704
article-44,Untitled,2026-03-05,quant,,0.0,0,0,0.0,0,0,0.0,0.0,0.0,0,0,0,0.0,912,4,0.0,0.0,0.0,0.0,2026-03-05T16:11:37.340719
article-45,Untitled,2026-03-05,quant,,0.0,0,0,0.0,0,0,0.0,0.0,0.0,0,0,0,0.0,822,4,0.0,0.0,0.0,0.0,2026-03-05T16:11:37.340733
article-46,Untitled,2026-03-05,quant,,0.0,0,0,0.0,0,0,0.0,0.0,0.0,0,0,0,0.0,906,4,0.0,0.0,0.0,0.0,2026-03-05T16:11:37.340747
article-47,Untitled,2026-03-05,quant,,0.0,0,0,0.0,0,0,0.0,0.0,0.0,0,0,0,0.0,908,4,0.0,0.0,0.0,0.0,2026-03-05T16:11:37.340765
article-48,Untitled,2026-03-05,quant,,0.0,0,0,0.0,0,0,0.0,0.0,0.0,0,0,0,0.0,918,4,0.0,0.0,0.0,0.0,2026-03-05T16:11:37.340779
article-49,Untitled,2026-03-05,quant,,0.0,0,0,0.0,0,0,0.0,0.0,0.0,0,0,0,0.0,950,4,0.0,0.0,0.0,0.0,2026-03-05T16:11:37.340805
article-5,Untitled,2026-03-05,quant,,0.0,0,0,0.0,0,0,0.0,0.0,0.0,0,0,0,0.0,847,4,0.0,0.0,0.0,0.0,2026-03-05T16:11:37.340822
article-50,Untitled,2026-03-05,quant,,0.0,0,0,0.0,0,0,0.0,0.0,0.0,0,0,0,0.0,824,4,0.0,0.0,0.0,0.0,2026-03-05T16:11:37.340836
article-51,Untitled,2026-03-05,quant,,0.0,0,0,0.0,0,0,0.0,0.0,0.0,0,0,0,0.0,882,4,0.0,0.0,0.0,0.0,2026-03-05T16:11:37.340850
article-52,Untitled,2026-03-05,quant,,0.0,0,0,0.0,0,0,0.0,0.0,0.0,0,0,0,0.0,914,4,0.0,0.0,0.0,0.0,2026-03-05T16:11:37.340864
article-53,Untitled,2026-03-05,quant,,0.0,0,0,0.0,0,0,0.0,0.0,0.0,0,0,0,0.0,928,4,0.0,0.0,0.0,0.0,2026-03-05T16:11:37.340878
article-54,Untitled,2026-03-05,quant,,0.0,0,0,0.0,0,0,0.0,0.0,0.0,0,0,0,0.0,850,4,0.0,0.0,0.0,0.0,2026-03-05T16:11:37.340892
article-55,Untitled,2026-03-05,quant,,0.0,0,0,0.0,0,0,0.0,0.0,0.0,0,0,0,0.0,857,4,0.0,0.0,0.0,0.0,2026-03-05T16:11:37.340906
article-56,Untitled,2026-03-05,quant,,0.0,0,0,0.0,0,0,0.0,0.0,0.0,0,0,0,0.0,859,4,0.0,0.0,0.0,0.0,2026-03-05T16:11:37.340920
article-57,Untitled,2026-03-05,quant,,0.0,0,0,0.0,0,0,0.0,0.0,0.0,0,0,0,0.0,964,4,0.0,0.0,0.0,0.0,2026-03-05T16:11:37.340933
article-58,Untitled,2026-03-05,quant,,0.0,0,0,0.0,0,0,0.0,0.0,0.0,0,0,0,0.0,962,4,0.0,0.0,0.0,0.0,2026-03-05T16:11:37.340947
article-59,Untitled,2026-03-05,quant,,0.0,0,0,0.0,0,0,0.0,0.0,0.0,0,0,0,0.0,950,4,0.0,0.0,0.0,0.0,2026-03-05T16:11:37.340961
article-6,Untitled,2026-03-05,quant,,0.0,0,0,0.0,0,0,0.0,0.0,0.0,0,0,0,0.0,893,4,0.0,0.0,0.0,0.0,2026-03-05T16:11:37.340976
article-60,Untitled,2026-03-05,quant,,0.0,0,0,0.0,0,0,0.0,0.0,0.0,0,0,0,0.0,937,4,0.0,0.0,0.0,0.0,2026-03-05T16:11:37.340988
article-61,Untitled,2026-03-05,quant,,0.0,0,0,0.0,0,0,0.0,0.0,0.0,0,0,0,0.0,938,4,0.0,0.0,0.0,0.0,2026-03-05T16:11:37.341149
article-62,Untitled,2026-03-05,quant,,0.0,0,0,0.0,0,0,0.0,0.0,0.0,0,0,0,0.0,959,4,0.0,0.0,0.0,0.0,2026-03-05T16:11:37.341170
article-63,Untitled,2026-03-05,quant,,0.0,0,0,0.0,0,0,0.0,0.0,0.0,0,0,0,0.0,990,4,0.0,0.0,0.0,0.0,2026-03-05T16:11:37.341187
article-64,Untitled,2026-03-05,quant,,0.0,0,0,0.0,0,0,0.0,0.0,0.0,0,0,0,0.0,986,4,0.0,0.0,0.0,0.0,2026-03-05T16:11:37.341220
article-65,Untitled,2026-03-05,quant,,0.0,0,0,0.0,0,0,0.0,0.0,0.0,0,0,0,0.0,862,4,0.0,0.0,0.0,0.0,2026-03-05T16:11:37.341238
article-66,Untitled,2026-03-05,quant,,0.0,0,0,0.0,0,0,0.0,0.0,0.0,0,0,0,0.0,943,4,0.0,0.0,0.0,0.0,2026-03-05T16:11:37.341255
article-67,Untitled,2026-03-05,quant,,0.0,0,0,0.0,0,0,0.0,0.0,0.0,0,0,0,0.0,999,4,0.0,0.0,0.0,0.0,2026-03-05T16:11:37.341361
article-68,Untitled,2026-03-05,quant,,0.0,0,0,0.0,0,0,0.0,0.0,0.0,0,0,0,0.0,1050,5,0.0,0.0,0.0,0.0,2026-03-05T16:11:37.341379
article-69,Untitled,2026-03-05,quant,,0.0,0,0,0.0,0,0,0.0,0.0,0.0,0,0,0,0.0,842,4,0.0,0.0,0.0,0.0,2026-03-05T16:11:37.341396
article-7,Untitled,2026-03-05,quant,,0.0,0,0,0.0,0,0,0.0,0.0,0.0,0,0,0,0.0,914,4,0.0,0.0,0.0,0.0,2026-03-05T16:11:37.341411
article-70,Untitled,2026-03-05,quant,,0.0,0,0,0.0,0,0,0.0,0.0,0.0,0,0,0,0.0,991,4,0.0,0.0,0.0,0.0,2026-03-05T16:11:37.341426
article-71,Untitled,2026-03-05,quant,,0.0,0,0,0.0,0,0,0.0,0.0,0.0,0,0,0,0.0,997,4,0.0,0.0,0.0,0.0,2026-03-05T16:11:37.341442
article-72,Untitled,2026-03-05,quant,,0.0,0,0,0.0,0,0,0.0,0.0,0.0,0,0,0,0.0,967,4,0.0,0.0,0.0,0.0,2026-03-05T16:11:37.341457
article-73,Untitled,2026-03-05,quant,,0.0,0,0,0.0,0,0,0.0,0.0,0.0,0,0,0,0.0,878,4,0.0,0.0,0.0,0.0,2026-03-05T16:11:37.341473
article-74,Untitled,2026-03-05,quant,,0.0,0,0,0.0,0,0,0.0,0.0,0.0,0,0,0,0.0,960,4,0.0,0.0,0.0,0.0,2026-03-05T16:11:37.341489
article-75,Untitled,2026-03-05,quant,,0.0,0,0,0.0,0,0,0.0,0.0,0.0,0,0,0,0.0,1004,5,0.0,0.0,0.0,0.0,2026-03-05T16:11:37.341504
article-77,Untitled,2026-03-05,quant,,0.0,0,0,0.0,0,0,0.0,0.0,0.0,0,0,0,0.0,1006,5,0.0,0.0,0.0,0.0,2026-03-05T16:11:37.341519
article-78,Untitled,2026-03-05,quant,,0.0,0,0,0.0,0,0,0.0,0.0,0.0,0,0,0,0.0,938,4,0.0,0.0,0.0,0.0,2026-03-05T16:11:37.341536
article-79,Untitled,2026-03-05,quant,,0.0,0,0,0.0,0,0,0.0,0.0,0.0,0,0,0,0.0,888,4,0.0,0.0,0.0,0.0,2026-03-05T16:11:37.341551
article-8,Untitled,2026-03-05,quant,,0.0,0,0,0.0,0,0,0.0,0.0,0.0,0,0,0,0.0,1011,5,0.0,0.0,0.0,0.0,2026-03-05T16:11:37.341566
article-80,Untitled,2026-03-05,quant,,0.0,0,0,0.0,0,0,0.0,0.0,0.0,0,0,0,0.0,904,4,0.0,0.0,0.0,0.0,2026-03-05T16:11:37.341580
article-9,Untitled,2026-03-05,quant,,0.0,0,0,0.0,0,0,0.0,0.0,0.0,0,0,0,0.0,888,4,0.0,0.0,0.0,0.0,2026-03-05T16:11:37.358021
