slug,title,site,date_published,word_count,reading_time_minutes,position,impressions,clicks,ctr,pageviews,unique_visitors,bounce_rate,email_signups,affiliate_clicks,revenue
best-credit-cards-for-groceries-2025,Best Credit Cards for Groceries 2025,credit,2026-03-04,901,4,0.0,0,0,0.0,0,0,0.0,0,0,0.0
best-credit-cards-for-groceries-2025_1,Best Credit Cards for Groceries 2025,credit,2026-03-04,849,4,0.0,0,0,0.0,0,0,0.0,0,0,0.0
best-credit-cards-for-groceries-2025_2,Best Credit Cards for Groceries 2025,credit,2026-03-04,848,4,0.0,0,0,0.0,0,0,0.0,0,0,0.0
best-credit-cards-for-groceries-2025_3,Best Credit Cards for Groceries 2025,credit,2026-03-04,775,3,0.0,0,0,0.0,0,0,0.0,0,0,0.0
best-credit-cards-for-groceries-2025_4,Best Credit Cards for Groceries 2025,credit,2026-03-04,915,4,0.0,0,0,0.0,0,0,0.0,0,0,0.0
best-credit-cards-for-groceries-2025_5,Best Credit Cards for Groceries 2025,credit,2026-03-04,891,4,0.0,0,0,0.0,0,0,0.0,0,0,0.0
best-credit-cards-for-groceries-2026,Best Credit Cards for Groceries 2026,credit,2026-03-04,803,4,0.0,0,0,0.0,0,0,0.0,0,0,0.0
best-credit-cards-for-groceries-2026_1,Best Credit Cards for Groceries 2026,credit,2026-03-04,819,4,0.0,0,0,0.0,0,0,0.0,0,0,0.0
best-credit-cards-for-groceries-2026_2,Best Credit Cards for Groceries 2026,credit,2026-03-04,779,3,0.0,0,0,0.0,0,0,0.0,0,0,0.0
best-credit-cards-for-groceries-2026_3,Best Credit Cards for Groceries 2026,credit,2026-03-04,777,3,0.0,0,0,0.0,0,0,0.0,0,0,0.0
best-credit-cards-for-groceries-2026_4,Best Credit Cards for Groceries 2026,credit,2026-03-04,851,4,0.0,0,0,0.0,0,0,0.0,0,0,0.0
best-credit-cards-for-groceries-2026_5,Best Credit Cards for Groceries 2026,credit,2026-03-04,880,4,0.0,0,0,0.0,0,0,0.0,0,0,0.0
business-credit-cards-for-startups,Business Credit Cards for Startups,credit,2026-03-04,888,4,0.0,0,0,0.0,0,0,0.0,0,0,0.0
business-credit-cards-for-startups_1,Business Credit Cards for Startups,credit,2026-03-04,892,4,0.0,0,0,0.0,0,0,0.0,0,0,0.0
business-credit-cards-for-startups_10,Business Credit Cards for Startups,credit,2026-03-04,883,4,0.0,0,0,0.0,0,0,0.0,0,0,0.0
business-credit-cards-for-startups_11,Business Credit Cards for Startups,credit,2026-03-04,847,4,0.0,0,0,0.0,0,0,0.0,0,0,0.0
business-credit-cards-for-startups_12,Business Credit Cards for Startups,credit,2026-03-04,871,4,0.0,0,0,0.0,0,0,0.0,0,0,0.0
business-credit-cards-for-startups_13,Business Credit Cards for Startups,credit,2026-03-04,852,4,0.0,0,0,0.0,0,0,0.0,0,0,0.0
business-credit-cards-for-startups_14,Business Credit Cards for Startups,credit,2026-03-04,786,3,0.0,0,0,0.0,0,0,0.0,0,0,0.0
business-credit-cards-for-startups_15,Business Credit Cards for Startups,credit,2026-03-04,855,4,0.0,0,0,0.0,0,0,0.0,0,0,0.0
business-credit-cards-for-startups_16,Business Credit Cards for Startups,credit,2026-03-04,935,4,0.0,0,0,0.0,0,0,0.0,0,0,0.0
business-credit-cards-for-startups_17,Business Credit Cards for Startups,credit,2026-03-04,845,4,0.0,0,0,0.0,0,0,0.0,0,0,0.0
business-credit-cards-for-startups_18,Business Credit Cards for Startups,credit,2026-03-04,861,4,0.0,0,0,0.0,0,0,0.0,0,0,0.0
business-credit-cards-for-startups_19,Business Credit Cards for Startups,credit,2026-03-04,836,4,0.0,0,0,0.0,0,0,0.0,0,0,0.0
business-credit-cards-for-startups_2,Business Credit Cards for Startups,credit,2026-03-04,844,4,0.0,0,0,0.0,0,0,0.0,0,0,0.0
business-credit-cards-for-startups_20,Business Credit Cards for Startups,credit,2026-03-04,879,4,0.0,0,0,0.0,0,0,0.0,0,0,0.0
business-credit-cards-for-startups_21,Business Credit Cards for Startups,credit,2026-03-04,845,4,0.0,0,0,0.0,0,0,0.0,0,0,0.0
business-credit-cards-for-startups_22,Business Credit Cards for Startups,credit,2026-03-04,836,4,0.0,0,0,0.0,0,0,0.0,0,0,0.0
business-credit-cards-for-startups_23,Business Credit Cards for Startups,credit,2026-03-04,791,3,0.0,0,0,0.0,0,0,0.0,0,0,0.0
business-credit-cards-for-startups_3,Business Credit Cards for Startups,credit,2026-03-04,956,4,0.0,0,0,0.0,0,0,0.0,0,0,0.0
business-credit-cards-for-startups_4,Business Credit Cards for Startups,credit,2026-03-04,836,4,0.0,0,0,0.0,0,0,0.0,0,0,0.0
business-credit-cards-for-startups_5,Business Credit Cards for Startups,credit,2026-03-04,823,4,0.0,0,0,0.0,0,0,0.0,0,0,0.0
business-credit-cards-for-startups_6,Business Credit Cards for Startups,credit,2026-03-04,850,4,0.0,0,0,0.0,0,0,0.0,0,0,0.0
business-credit-cards-for-startups_7,Business Credit Cards for Startups,credit,2026-03-04,833,4,0.0,0,0,0.0,0,0,0.0,0,0,0.0
business-credit-cards-for-startups_8,Business Credit Cards for Startups,credit,2026-03-04,889,4,0.0,0,0,0.0,0,0,0.0,0,0,0.0
business-credit-cards-for-startups_9,Business Credit Cards for Startups,credit,2026-03-04,837,4,0.0,0,0,0.0,0,0,0.0,0,0,0.0
capital-one-venture-x-card-review,Capital One Venture X Card Review,credit,2026-03-04,931,4,0.0,0,0,0.0,0,0,0.0,0,0,0.0
capital-one-venture-x-card-review_1,Capital One Venture X Card Review,credit,2026-03-04,982,4,0.0,0,0,0.0,0,0,0.0,0,0,0.0
capital-one-venture-x-card-review_10,Capital One Venture X Card Review,credit,2026-03-04,972,4,0.0,0,0,0.0,0,0,0.0,0,0,0.0
capital-one-venture-x-card-review_11,Capital One Venture X Card Review,credit,2026-03-04,864,4,0.0,0,0,0.0,0,0,0.0,0,0,0.0
capital-one-venture-x-card-review_12,Capital One Venture X Card Review,credit,2026-03-04,972,4,0.0,0,0,0.0,0,0,0.0,0,0,0.0
capital-one-venture-x-card-review_13,Capital One Venture X Card Review,credit,2026-03-04,908,4,0.0,0,0,0.0,0,0,0.0,0,0,0.0
capital-one-venture-x-card-review_14,Capital One Venture X Card Review,credit,2026-03-04,1012,5,0.0,0,0,0.0,0,0,0.0,0,0,0.0
capital-one-venture-x-card-review_15,Capital One Venture X Card Review,credit,2026-03-04,882,4,0.0,0,0,0.0,0,0,0.0,0,0,0.0
capital-one-venture-x-card-review_16,Capital One Venture X Card Review,credit,2026-03-04,961,4,0.0,0,0,0.0,0,0,0.0,0,0,0.0
capital-one-venture-x-card-review_17,Capital One Venture X Card Review,credit,2026-03-04,890,4,0.0,0,0,0.0,0,0,0.0,0,0,0.0
capital-one-venture-x-card-review_18,Capital One Venture X Card Review,credit,2026-03-04,916,4,0.0,0,0,0.0,0,0,0.0,0,0,0.0
capital-one-venture-x-card-review_19,Capital One Venture X Card Review,credit,2026-03-04,991,4,0.0,0,0,0.0,0,0,0.0,0,0,0.0
capital-one-venture-x-card-review_2,Capital One Venture X Card Review,credit,2026-03-04,922,4,0.0,0,0,0.0,0,0,0.0,0,0,0.0
capital-one-venture-x-card-review_20,Capital One Venture X Card Review,credit,2026-03-04,914,4,0.0,0,0,0.0,0,0,0.0,0,0,0.0
capital-one-venture-x-card-review_21,Capital One Venture X Card Review,credit,2026-03-04,945,4,0.0,0,0,0.0,0,0,0.0,0,0,0.0
capital-one-venture-x-card-review_22,Capital One Venture X Card Review,credit,2026-03-04,861,4,0.0,0,0,0.0,0,0,0.0,0,0,0.0
capital-one-venture-x-card-review_23,Capital One Venture X Card Review,credit,2026-03-04,963,4,0.0,0,0,0.0,0,0,0.0,0,0,0.0
capital-one-venture-x-card-review_3,Capital One Venture X Card Review,credit,2026-03-04,872,4,0.0,0,0,0.0,0,0,0.0,0,0,0.0
capital-one-venture-x-card-review_4,Capital One Venture X Card Review,credit,2026-03-04,888,4,0.0,0,0,0.0,0,0,0.0,0,0,0.0
capital-one-venture-x-card-review_5,Capital One Venture X Card Review,credit,2026-03-04,882,4,0.0,0,0,0.0,0,0,0.0,0,0,0.0
capital-one-venture-x-card-review_6,Capital One Venture X Card Review,credit,2026-03-04,925,4,0.0,0,0,0.0,0,0,0.0,0,0,0.0
capital-one-venture-x-card-review_7,Capital One Venture X Card Review,credit,2026-03-04,872,4,0.0,0,0,0.0,0,0,0.0,0,0,0.0
capital-one-venture-x-card-review_8,Capital One Venture X Card Review,credit,2026-03-04,901,4,0.0,0,0,0.0,0,0,0.0,0,0,0.0
capital-one-venture-x-card-review_9,Capital One Venture X Card Review,credit,2026-03-04,911,4,0.0,0,0,0.0,0,0,0.0,0,0,0.0
chase-sapphire-preferred-vs-reserve-2025,Chase Sapphire Preferred vs Reserve 2025,credit,2026-03-04,888,4,0.0,0,0,0.0,0,0,0.0,0,0,0.0
chase-sapphire-preferred-vs-reserve-2025_1,Chase Sapphire Preferred vs Reserve 2025,credit,2026-03-04,830,4,0.0,0,0,0.0,0,0,0.0,0,0,0.0
chase-sapphire-preferred-vs-reserve-2025_2,Chase Sapphire Preferred vs Reserve 2025,credit,2026-03-04,858,4,0.0,0,0,0.0,0,0,0.0,0,0,0.0
chase-sapphire-preferred-vs-reserve-2025_3,Chase Sapphire Preferred vs Reserve 2025,credit,2026-03-04,900,4,0.0,0,0,0.0,0,0,0.0,0,0,0.0
chase-sapphire-preferred-vs-reserve-2025_4,Chase Sapphire Preferred vs Reserve 2025,credit,2026-03-04,857,4,0.0,0,0,0.0,0,0,0.0,0,0,0.0
chase-sapphire-preferred-vs-reserve-2025_5,Chase Sapphire Preferred vs Reserve 2025,credit,2026-03-04,844,4,0.0,0,0,0.0,0,0,0.0,0,0,0.0
chase-sapphire-preferred-vs-reserve-2026,Chase Sapphire Preferred vs Reserve 2026,credit,2026-03-04,918,4,0.0,0,0,0.0,0,0,0.0,0,0,0.0
chase-sapphire-preferred-vs-reserve-2026_1,Chase Sapphire Preferred vs Reserve 2026,credit,2026-03-04,849,4,0.0,0,0,0.0,0,0,0.0,0,0,0.0
chase-sapphire-preferred-vs-reserve-2026_10,Chase Sapphire Preferred vs Reserve 2026,credit,2026-03-04,884,4,0.0,0,0,0.0,0,0,0.0,0,0,0.0
chase-sapphire-preferred-vs-reserve-2026_11,Chase Sapphire Preferred vs Reserve 2026,credit,2026-03-04,853,4,0.0,0,0,0.0,0,0,0.0,0,0,0.0
chase-sapphire-preferred-vs-reserve-2026_12,Chase Sapphire Preferred vs Reserve 2026,credit,2026-03-04,894,4,0.0,0,0,0.0,0,0,0.0,0,0,0.0
chase-sapphire-preferred-vs-reserve-2026_13,Chase Sapphire Preferred vs Reserve 2026,credit,2026-03-04,836,4,0.0,0,0,0.0,0,0,0.0,0,0,0.0
chase-sapphire-preferred-vs-reserve-2026_14,Chase Sapphire Preferred vs Reserve 2026,credit,2026-03-04,817,4,0.0,0,0,0.0,0,0,0.0,0,0,0.0
chase-sapphire-preferred-vs-reserve-2026_15,Chase Sapphire Preferred vs Reserve 2026,credit,2026-03-04,862,4,0.0,0,0,0.0,0,0,0.0,0,0,0.0
chase-sapphire-preferred-vs-reserve-2026_16,Chase Sapphire Preferred vs Reserve 2026,credit,2026-03-04,835,4,0.0,0,0,0.0,0,0,0.0,0,0,0.0
chase-sapphire-preferred-vs-reserve-2026_17,Chase Sapphire Preferred vs Reserve 2026,credit,2026-03-04,828,4,0.0,0,0,0.0,0,0,0.0,0,0,0.0
chase-sapphire-preferred-vs-reserve-2026_2,Chase Sapphire Preferred vs Reserve 2026,credit,2026-03-04,886,4,0.0,0,0,0.0,0,0,0.0,0,0,0.0
chase-sapphire-preferred-vs-reserve-2026_3,Chase Sapphire Preferred vs Reserve 2026,credit,2026-03-04,884,4,0.0,0,0,0.0,0,0,0.0,0,0,0.0
chase-sapphire-preferred-vs-reserve-2026_4,Chase Sapphire Preferred vs Reserve 2026,credit,2026-03-04,860,4,0.0,0,0,0.0,0,0,0.0,0,0,0.0
chase-sapphire-preferred-vs-reserve-2026_5,Chase Sapphire Preferred vs Reserve 2026,credit,2026-03-04,844,4,0.0,0,0,0.0,0,0,0.0,0,0,0.0
chase-sapphire-preferred-vs-reserve-2026_6,Chase Sapphire Preferred vs Reserve 2026,credit,2026-03-04,826,4,0.0,0,0,0.0,0,0,0.0,0,0,0.0
chase-sapphire-preferred-vs-reserve-2026_7,Chase Sapphire Preferred vs Reserve 2026,credit,2026-03-04,866,4,0.0,0,0,0.0,0,0,0.0,0,0,0.0
chase-sapphire-preferred-vs-reserve-2026_8,Chase Sapphire Preferred vs Reserve 2026,credit,2026-03-04,880,4,0.0,0,0,0.0,0,0,0.0,0,0,0.0
chase-sapphire-preferred-vs-reserve-2026_9,Chase Sapphire Preferred vs Reserve 2026,credit,2026-03-04,926,4,0.0,0,0,0.0,0,0,0.0,0,0,0.0
how-to-maximize-credit-card-rewards,How to Maximize Credit Card Rewards,credit,2026-03-04,828,4,0.0,0,0,0.0,0,0,0.0,0,0,0.0
how-to-maximize-credit-card-rewards_1,How to Maximize Credit Card Rewards,credit,2026-03-04,829,4,0.0,0,0,0.0,0,0,0.0,0,0,0.0
how-to-maximize-credit-card-rewards_10,How to Maximize Credit Card Rewards,credit,2026-03-04,808,4,0.0,0,0,0.0,0,0,0.0,0,0,0.0
how-to-maximize-credit-card-rewards_11,How to Maximize Credit Card Rewards,credit,2026-03-04,891,4,0.0,0,0,0.0,0,0,0.0,0,0,0.0
how-to-maximize-credit-card-rewards_12,How to Maximize Credit Card Rewards,credit,2026-03-04,861,4,0.0,0,0,0.0,0,0,0.0,0,0,0.0
how-to-maximize-credit-card-rewards_13,How to Maximize Credit Card Rewards,credit,2026-03-04,872,4,0.0,0,0,0.0,0,0,0.0,0,0,0.0
how-to-maximize-credit-card-rewards_14,How to Maximize Credit Card Rewards,credit,2026-03-04,863,4,0.0,0,0,0.0,0,0,0.0,0,0,0.0
how-to-maximize-credit-card-rewards_15,How to Maximize Credit Card Rewards,credit,2026-03-04,808,4,0.0,0,0,0.0,0,0,0.0,0,0,0.0
how-to-maximize-credit-card-rewards_16,How to Maximize Credit Card Rewards,credit,2026-03-04,822,4,0.0,0,0,0.0,0,0,0.0,0,0,0.0
how-to-maximize-credit-card-rewards_17,How to Maximize Credit Card Rewards,credit,2026-03-04,810,4,0.0,0,0,0.0,0,0,0.0,0,0,0.0
how-to-maximize-credit-card-rewards_18,How to Maximize Credit Card Rewards,credit,2026-03-04,877,4,0.0,0,0,0.0,0,0,0.0,0,0,0.0
how-to-maximize-credit-card-rewards_19,How to Maximize Credit Card Rewards,credit,2026-03-04,851,4,0.0,0,0,0.0,0,0,0.0,0,0,0.0
how-to-maximize-credit-card-rewards_2,How to Maximize Credit Card Rewards,credit,2026-03-04,859,4,0.0,0,0,0.0,0,0,0.0,0,0,0.0
how-to-maximize-credit-card-rewards_20,How to Maximize Credit Card Rewards,credit,2026-03-04,873,4,0.0,0,0,0.0,0,0,0.0,0,0,0.0
how-to-maximize-credit-card-rewards_21,How to Maximize Credit Card Rewards,credit,2026-03-04,829,4,0.0,0,0,0.0,0,0,0.0,0,0,0.0
how-to-maximize-credit-card-rewards_22,How to Maximize Credit Card Rewards,credit,2026-03-04,884,4,0.0,0,0,0.0,0,0,0.0,0,0,0.0
how-to-maximize-credit-card-rewards_23,How to Maximize Credit Card Rewards,credit,2026-03-04,827,4,0.0,0,0,0.0,0,0,0.0,0,0,0.0
how-to-maximize-credit-card-rewards_3,How to Maximize Credit Card Rewards,credit,2026-03-04,785,3,0.0,0,0,0.0,0,0,0.0,0,0,0.0
how-to-maximize-credit-card-rewards_4,How to Maximize Credit Card Rewards,credit,2026-03-04,852,4,0.0,0,0,0.0,0,0,0.0,0,0,0.0
how-to-maximize-credit-card-rewards_5,How to Maximize Credit Card Rewards,credit,2026-03-04,855,4,0.0,0,0,0.0,0,0,0.0,0,0,0.0
how-to-maximize-credit-card-rewards_6,How to Maximize Credit Card Rewards,credit,2026-03-04,842,4,0.0,0,0,0.0,0,0,0.0,0,0,0.0
how-to-maximize-credit-card-rewards_7,How to Maximize Credit Card Rewards,credit,2026-03-04,799,3,0.0,0,0,0.0,0,0,0.0,0,0,0.0
how-to-maximize-credit-card-rewards_8,How to Maximize Credit Card Rewards,credit,2026-03-04,804,4,0.0,0,0,0.0,0,0,0.0,0,0,0.0
how-to-maximize-credit-card-rewards_9,How to Maximize Credit Card Rewards,credit,2026-03-04,840,4,0.0,0,0,0.0,0,0,0.0,0,0,0.0
top-credit-cards-for-groceries-2026,Top Credit Cards for Groceries 2026,credit,2026-03-04,893,4,0.0,0,0,0.0,0,0,0.0,0,0,0.0
top-credit-cards-for-groceries-2026_1,Top Credit Cards for Groceries 2026,credit,2026-03-04,894,4,0.0,0,0,0.0,0,0,0.0,0,0,0.0
top-credit-cards-for-groceries-2026_2,Top Credit Cards for Groceries 2026,credit,2026-03-04,873,4,0.0,0,0,0.0,0,0,0.0,0,0,0.0
top-credit-cards-for-groceries-2026_3,Top Credit Cards for Groceries 2026,credit,2026-03-04,929,4,0.0,0,0,0.0,0,0,0.0,0,0,0.0
top-credit-cards-for-groceries-2026_4,Top Credit Cards for Groceries 2026,credit,2026-03-04,1016,5,0.0,0,0,0.0,0,0,0.0,0,0,0.0
top-credit-cards-for-groceries-2026_5,Top Credit Cards for Groceries 2026,credit,2026-03-04,919,4,0.0,0,0,0.0,0,0,0.0,0,0,0.0
ultimate-credit-cards-for-groceries-2026,Ultimate Credit Cards for Groceries 2026,credit,2026-03-04,820,4,0.0,0,0,0.0,0,0,0.0,0,0,0.0
ultimate-credit-cards-for-groceries-2026_1,Ultimate Credit Cards for Groceries 2026,credit,2026-03-04,789,3,0.0,0,0,0.0,0,0,0.0,0,0,0.0
ultimate-credit-cards-for-groceries-2026_2,Ultimate Credit Cards for Groceries 2026,credit,2026-03-04,782,3,0.0,0,0,0.0,0,0,0.0,0,0,0.0
ultimate-credit-cards-for-groceries-2026_3,Ultimate Credit Cards for Groceries 2026,credit,2026-03-04,781,3,0.0,0,0,0.0,0,0,0.0,0,0,0.0
ultimate-credit-cards-for-groceries-2026_4,Ultimate Credit Cards for Groceries 2026,credit,2026-03-04,812,4,0.0,0,0,0.0,0,0,0.0,0,0,0.0
ultimate-credit-cards-for-groceries-2026_5,Ultimate Credit Cards for Groceries 2026,credit,2026-03-04,909,4,0.0,0,0,0.0,0,0,0.0,0,0,0.0
401k-contribution-limit-2025:-calculator-&-strateg,401k Contribution Limit 2025: Calculator & Strategy,calc,2026-03-04,702,3,0.0,0,0,0.0,0,0,0.0,0,0,0.0
401k-contribution-limit-2025:-calculator-&-strateg_1,401k Contribution Limit 2025: Calculator & Strategy,calc,2026-03-04,699,3,0.0,0,0,0.0,0,0,0.0,0,0,0.0
401k-contribution-limit-2025:-calculator-&-strateg_2,401k Contribution Limit 2025: Calculator & Strategy,calc,2026-03-04,748,3,0.0,0,0,0.0,0,0,0.0,0,0,0.0
401k-contribution-limit-2025:-calculator-&-strateg_3,401k Contribution Limit 2025: Calculator & Strategy,calc,2026-03-04,702,3,0.0,0,0,0.0,0,0,0.0,0,0,0.0
401k-contribution-limit-2025:-calculator-&-strateg_4,401k Contribution Limit 2025: Calculator & Strategy,calc,2026-03-04,757,3,0.0,0,0,0.0,0,0,0.0,0,0,0.0
401k-contribution-limit-2026:-calculator-&-strateg,401k Contribution Limit 2026: Calculator & Strategy,calc,2026-03-04,674,3,0.0,0,0,0.0,0,0,0.0,0,0,0.0
401k-contribution-limit-2026:-calculator-&-strateg_1,401k Contribution Limit 2026: Calculator & Strategy,calc,2026-03-04,811,4,0.0,0,0,0.0,0,0,0.0,0,0,0.0
401k-contribution-limit-2026:-calculator-&-strateg_10,401k Contribution Limit 2026: Calculator & Strategy,calc,2026-03-04,722,3,0.0,0,0,0.0,0,0,0.0,0,0,0.0
401k-contribution-limit-2026:-calculator-&-strateg_11,401k Contribution Limit 2026: Calculator & Strategy,calc,2026-03-04,727,3,0.0,0,0,0.0,0,0,0.0,0,0,0.0
401k-contribution-limit-2026:-calculator-&-strateg_12,401k Contribution Limit 2026: Calculator & Strategy,calc,2026-03-04,667,3,0.0,0,0,0.0,0,0,0.0,0,0,0.0
401k-contribution-limit-2026:-calculator-&-strateg_13,401k Contribution Limit 2026: Calculator & Strategy,calc,2026-03-04,724,3,0.0,0,0,0.0,0,0,0.0,0,0,0.0
401k-contribution-limit-2026:-calculator-&-strateg_14,401k Contribution Limit 2026: Calculator & Strategy,calc,2026-03-04,769,3,0.0,0,0,0.0,0,0,0.0,0,0,0.0
401k-contribution-limit-2026:-calculator-&-strateg_2,401k Contribution Limit 2026: Calculator & Strategy,calc,2026-03-04,718,3,0.0,0,0,0.0,0,0,0.0,0,0,0.0
401k-contribution-limit-2026:-calculator-&-strateg_3,401k Contribution Limit 2026: Calculator & Strategy,calc,2026-03-04,751,3,0.0,0,0,0.0,0,0,0.0,0,0,0.0
401k-contribution-limit-2026:-calculator-&-strateg_4,401k Contribution Limit 2026: Calculator & Strategy,calc,2026-03-04,728,3,0.0,0,0,0.0,0,0,0.0,0,0,0.0
401k-contribution-limit-2026:-calculator-&-strateg_5,401k Contribution Limit 2026: Calculator & Strategy,calc,2026-03-04,775,3,0.0,0,0,0.0,0,0,0.0,0,0,0.0
401k-contribution-limit-2026:-calculator-&-strateg_6,401k Contribution Limit 2026: Calculator & Strategy,calc,2026-03-04,744,3,0.0,0,0,0.0,0,0,0.0,0,0,0.0
401k-contribution-limit-2026:-calculator-&-strateg_7,401k Contribution Limit 2026: Calculator & Strategy,calc,2026-03-04,738,3,0.0,0,0,0.0,0,0,0.0,0,0,0.0
401k-contribution-limit-2026:-calculator-&-strateg_8,401k Contribution Limit 2026: Calculator & Strategy,calc,2026-03-04,718,3,0.0,0,0,0.0,0,0,0.0,0,0,0.0
401k-contribution-limit-2026:-calculator-&-strateg_9,401k Contribution Limit 2026: Calculator & Strategy,calc,2026-03-04,700,3,0.0,0,0,0.0,0,0,0.0,0,0,0.0
compound-interest-calculator:-see-your-wealth-grow,Compound Interest Calculator: See Your Wealth Grow,calc,2026-03-04,853,4,0.0,0,0,0.0,0,0,0.0,0,0,0.0
compound-interest-calculator:-see-your-wealth-grow_1,Compound Interest Calculator: See Your Wealth Grow,calc,2026-03-04,851,4,0.0,0,0,0.0,0,0,0.0,0,0,0.0
compound-interest-calculator:-see-your-wealth-grow_10,Compound Interest Calculator: See Your Wealth Grow,calc,2026-03-04,879,4,0.0,0,0,0.0,0,0,0.0,0,0,0.0
compound-interest-calculator:-see-your-wealth-grow_11,Compound Interest Calculator: See Your Wealth Grow,calc,2026-03-04,839,4,0.0,0,0,0.0,0,0,0.0,0,0,0.0
compound-interest-calculator:-see-your-wealth-grow_12,Compound Interest Calculator: See Your Wealth Grow,calc,2026-03-04,795,3,0.0,0,0,0.0,0,0,0.0,0,0,0.0
compound-interest-calculator:-see-your-wealth-grow_13,Compound Interest Calculator: See Your Wealth Grow,calc,2026-03-04,792,3,0.0,0,0,0.0,0,0,0.0,0,0,0.0
compound-interest-calculator:-see-your-wealth-grow_14,Compound Interest Calculator: See Your Wealth Grow,calc,2026-03-04,875,4,0.0,0,0,0.0,0,0,0.0,0,0,0.0
compound-interest-calculator:-see-your-wealth-grow_15,Compound Interest Calculator: See Your Wealth Grow,calc,2026-03-04,810,4,0.0,0,0,0.0,0,0,0.0,0,0,0.0
compound-interest-calculator:-see-your-wealth-grow_16,Compound Interest Calculator: See Your Wealth Grow,calc,2026-03-04,820,4,0.0,0,0,0.0,0,0,0.0,0,0,0.0
compound-interest-calculator:-see-your-wealth-grow_17,Compound Interest Calculator: See Your Wealth Grow,calc,2026-03-04,867,4,0.0,0,0,0.0,0,0,0.0,0,0,0.0
compound-interest-calculator:-see-your-wealth-grow_18,Compound Interest Calculator: See Your Wealth Grow,calc,2026-03-04,825,4,0.0,0,0,0.0,0,0,0.0,0,0,0.0
compound-interest-calculator:-see-your-wealth-grow_2,Compound Interest Calculator: See Your Wealth Grow,calc,2026-03-04,820,4,0.0,0,0,0.0,0,0,0.0,0,0,0.0
compound-interest-calculator:-see-your-wealth-grow_3,Compound Interest Calculator: See Your Wealth Grow,calc,2026-03-04,824,4,0.0,0,0,0.0,0,0,0.0,0,0,0.0
compound-interest-calculator:-see-your-wealth-grow_4,Compound Interest Calculator: See Your Wealth Grow,calc,2026-03-04,789,3,0.0,0,0,0.0,0,0,0.0,0,0,0.0
compound-interest-calculator:-see-your-wealth-grow_5,Compound Interest Calculator: See Your Wealth Grow,calc,2026-03-04,835,4,0.0,0,0,0.0,0,0,0.0,0,0,0.0
compound-interest-calculator:-see-your-wealth-grow_6,Compound Interest Calculator: See Your Wealth Grow,calc,2026-03-04,816,4,0.0,0,0,0.0,0,0,0.0,0,0,0.0
compound-interest-calculator:-see-your-wealth-grow_7,Compound Interest Calculator: See Your Wealth Grow,calc,2026-03-04,882,4,0.0,0,0,0.0,0,0,0.0,0,0,0.0
compound-interest-calculator:-see-your-wealth-grow_8,Compound Interest Calculator: See Your Wealth Grow,calc,2026-03-04,813,4,0.0,0,0,0.0,0,0,0.0,0,0,0.0
compound-interest-calculator:-see-your-wealth-grow_9,Compound Interest Calculator: See Your Wealth Grow,calc,2026-03-04,797,3,0.0,0,0,0.0,0,0,0.0,0,0,0.0
dividend-income-calculator:-plan-your-retirement,Dividend Income Calculator: Plan Your Retirement,calc,2026-03-04,776,3,0.0,0,0,0.0,0,0,0.0,0,0,0.0
dividend-income-calculator:-plan-your-retirement_1,Dividend Income Calculator: Plan Your Retirement,calc,2026-03-04,823,4,0.0,0,0,0.0,0,0,0.0,0,0,0.0
dividend-income-calculator:-plan-your-retirement_10,Dividend Income Calculator: Plan Your Retirement,calc,2026-03-04,808,4,0.0,0,0,0.0,0,0,0.0,0,0,0.0
dividend-income-calculator:-plan-your-retirement_11,Dividend Income Calculator: Plan Your Retirement,calc,2026-03-04,831,4,0.0,0,0,0.0,0,0,0.0,0,0,0.0
dividend-income-calculator:-plan-your-retirement_12,Dividend Income Calculator: Plan Your Retirement,calc,2026-03-04,845,4,0.0,0,0,0.0,0,0,0.0,0,0,0.0
dividend-income-calculator:-plan-your-retirement_13,Dividend Income Calculator: Plan Your Retirement,calc,2026-03-04,815,4,0.0,0,0,0.0,0,0,0.0,0,0,0.0
dividend-income-calculator:-plan-your-retirement_14,Dividend Income Calculator: Plan Your Retirement,calc,2026-03-04,872,4,0.0,0,0,0.0,0,0,0.0,0,0,0.0
dividend-income-calculator:-plan-your-retirement_15,Dividend Income Calculator: Plan Your Retirement,calc,2026-03-04,827,4,0.0,0,0,0.0,0,0,0.0,0,0,0.0
dividend-income-calculator:-plan-your-retirement_16,Dividend Income Calculator: Plan Your Retirement,calc,2026-03-04,814,4,0.0,0,0,0.0,0,0,0.0,0,0,0.0
dividend-income-calculator:-plan-your-retirement_17,Dividend Income Calculator: Plan Your Retirement,calc,2026-03-04,803,4,0.0,0,0,0.0,0,0,0.0,0,0,0.0
dividend-income-calculator:-plan-your-retirement_18,Dividend Income Calculator: Plan Your Retirement,calc,2026-03-04,795,3,0.0,0,0,0.0,0,0,0.0,0,0,0.0
dividend-income-calculator:-plan-your-retirement_2,Dividend Income Calculator: Plan Your Retirement,calc,2026-03-04,764,3,0.0,0,0,0.0,0,0,0.0,0,0,0.0
dividend-income-calculator:-plan-your-retirement_3,Dividend Income Calculator: Plan Your Retirement,calc,2026-03-04,803,4,0.0,0,0,0.0,0,0,0.0,0,0,0.0
dividend-income-calculator:-plan-your-retirement_4,Dividend Income Calculator: Plan Your Retirement,calc,2026-03-04,815,4,0.0,0,0,0.0,0,0,0.0,0,0,0.0
dividend-income-calculator:-plan-your-retirement_5,Dividend Income Calculator: Plan Your Retirement,calc,2026-03-04,790,3,0.0,0,0,0.0,0,0,0.0,0,0,0.0
dividend-income-calculator:-plan-your-retirement_6,Dividend Income Calculator: Plan Your Retirement,calc,2026-03-04,735,3,0.0,0,0,0.0,0,0,0.0,0,0,0.0
dividend-income-calculator:-plan-your-retirement_7,Dividend Income Calculator: Plan Your Retirement,calc,2026-03-04,768,3,0.0,0,0,0.0,0,0,0.0,0,0,0.0
dividend-income-calculator:-plan-your-retirement_8,Dividend Income Calculator: Plan Your Retirement,calc,2026-03-04,778,3,0.0,0,0,0.0,0,0,0.0,0,0,0.0
dividend-income-calculator:-plan-your-retirement_9,Dividend Income Calculator: Plan Your Retirement,calc,2026-03-04,818,4,0.0,0,0,0.0,0,0,0.0,0,0,0.0
drip-calculator:-growth-with-automatic-reinvestmen,DRIP Calculator: Growth with Automatic Reinvestment,calc,2026-03-04,790,3,0.0,0,0,0.0,0,0,0.0,0,0,0.0
drip-calculator:-growth-with-automatic-reinvestmen_1,DRIP Calculator: Growth with Automatic Reinvestment,calc,2026-03-04,790,3,0.0,0,0,0.0,0,0,0.0,0,0,0.0
drip-calculator:-growth-with-automatic-reinvestmen_10,DRIP Calculator: Growth with Automatic Reinvestment,calc,2026-03-04,756,3,0.0,0,0,0.0,0,0,0.0,0,0,0.0
drip-calculator:-growth-with-automatic-reinvestmen_11,DRIP Calculator: Growth with Automatic Reinvestment,calc,2026-03-04,761,3,0.0,0,0,0.0,0,0,0.0,0,0,0.0
drip-calculator:-growth-with-automatic-reinvestmen_12,DRIP Calculator: Growth with Automatic Reinvestment,calc,2026-03-04,811,4,0.0,0,0,0.0,0,0,0.0,0,0,0.0
drip-calculator:-growth-with-automatic-reinvestmen_13,DRIP Calculator: Growth with Automatic Reinvestment,calc,2026-03-04,793,3,0.0,0,0,0.0,0,0,0.0,0,0,0.0
drip-calculator:-growth-with-automatic-reinvestmen_14,DRIP Calculator: Growth with Automatic Reinvestment,calc,2026-03-04,746,3,0.0,0,0,0.0,0,0,0.0,0,0,0.0
drip-calculator:-growth-with-automatic-reinvestmen_15,DRIP Calculator: Growth with Automatic Reinvestment,calc,2026-03-04,785,3,0.0,0,0,0.0,0,0,0.0,0,0,0.0
drip-calculator:-growth-with-automatic-reinvestmen_16,DRIP Calculator: Growth with Automatic Reinvestment,calc,2026-03-04,756,3,0.0,0,0,0.0,0,0,0.0,0,0,0.0
drip-calculator:-growth-with-automatic-reinvestmen_17,DRIP Calculator: Growth with Automatic Reinvestment,calc,2026-03-04,775,3,0.0,0,0,0.0,0,0,0.0,0,0,0.0
drip-calculator:-growth-with-automatic-reinvestmen_18,DRIP Calculator: Growth with Automatic Reinvestment,calc,2026-03-04,822,4,0.0,0,0,0.0,0,0,0.0,0,0,0.0
drip-calculator:-growth-with-automatic-reinvestmen_19,DRIP Calculator: Growth with Automatic Reinvestment,calc,2026-03-04,791,3,0.0,0,0,0.0,0,0,0.0,0,0,0.0
drip-calculator:-growth-with-automatic-reinvestmen_2,DRIP Calculator: Growth with Automatic Reinvestment,calc,2026-03-04,768,3,0.0,0,0,0.0,0,0,0.0,0,0,0.0
drip-calculator:-growth-with-automatic-reinvestmen_3,DRIP Calculator: Growth with Automatic Reinvestment,calc,2026-03-04,725,3,0.0,0,0,0.0,0,0,0.0,0,0,0.0
drip-calculator:-growth-with-automatic-reinvestmen_4,DRIP Calculator: Growth with Automatic Reinvestment,calc,2026-03-04,825,4,0.0,0,0,0.0,0,0,0.0,0,0,0.0
drip-calculator:-growth-with-automatic-reinvestmen_5,DRIP Calculator: Growth with Automatic Reinvestment,calc,2026-03-04,767,3,0.0,0,0,0.0,0,0,0.0,0,0,0.0
drip-calculator:-growth-with-automatic-reinvestmen_6,DRIP Calculator: Growth with Automatic Reinvestment,calc,2026-03-04,757,3,0.0,0,0,0.0,0,0,0.0,0,0,0.0
drip-calculator:-growth-with-automatic-reinvestmen_7,DRIP Calculator: Growth with Automatic Reinvestment,calc,2026-03-04,714,3,0.0,0,0,0.0,0,0,0.0,0,0,0.0
drip-calculator:-growth-with-automatic-reinvestmen_8,DRIP Calculator: Growth with Automatic Reinvestment,calc,2026-03-04,808,4,0.0,0,0,0.0,0,0,0.0,0,0,0.0
drip-calculator:-growth-with-automatic-reinvestmen_9,DRIP Calculator: Growth with Automatic Reinvestment,calc,2026-03-04,794,3,0.0,0,0,0.0,0,0,0.0,0,0,0.0
how-to-calculate-dividend-growth-rate,How to Calculate Dividend Growth Rate,calc,2026-03-04,772,3,0.0,0,0,0.0,0,0,0.0,0,0,0.0
how-to-calculate-dividend-growth-rate_1,How to Calculate Dividend Growth Rate,calc,2026-03-04,761,3,0.0,0,0,0.0,0,0,0.0,0,0,0.0
how-to-calculate-dividend-growth-rate_10,How to Calculate Dividend Growth Rate,calc,2026-03-04,805,4,0.0,0,0,0.0,0,0,0.0,0,0,0.0
how-to-calculate-dividend-growth-rate_11,How to Calculate Dividend Growth Rate,calc,2026-03-04,778,3,0.0,0,0,0.0,0,0,0.0,0,0,0.0
how-to-calculate-dividend-growth-rate_12,How to Calculate Dividend Growth Rate,calc,2026-03-04,808,4,0.0,0,0,0.0,0,0,0.0,0,0,0.0
how-to-calculate-dividend-growth-rate_13,How to Calculate Dividend Growth Rate,calc,2026-03-04,770,3,0.0,0,0,0.0,0,0,0.0,0,0,0.0
how-to-calculate-dividend-growth-rate_14,How to Calculate Dividend Growth Rate,calc,2026-03-04,797,3,0.0,0,0,0.0,0,0,0.0,0,0,0.0
how-to-calculate-dividend-growth-rate_15,How to Calculate Dividend Growth Rate,calc,2026-03-04,721,3,0.0,0,0,0.0,0,0,0.0,0,0,0.0
how-to-calculate-dividend-growth-rate_16,How to Calculate Dividend Growth Rate,calc,2026-03-04,752,3,0.0,0,0,0.0,0,0,0.0,0,0,0.0
how-to-calculate-dividend-growth-rate_17,How to Calculate Dividend Growth Rate,calc,2026-03-04,755,3,0.0,0,0,0.0,0,0,0.0,0,0,0.0
how-to-calculate-dividend-growth-rate_18,How to Calculate Dividend Growth Rate,calc,2026-03-04,741,3,0.0,0,0,0.0,0,0,0.0,0,0,0.0
how-to-calculate-dividend-growth-rate_19,How to Calculate Dividend Growth Rate,calc,2026-03-04,774,3,0.0,0,0,0.0,0,0,0.0,0,0,0.0
how-to-calculate-dividend-growth-rate_2,How to Calculate Dividend Growth Rate,calc,2026-03-04,792,3,0.0,0,0,0.0,0,0,0.0,0,0,0.0
how-to-calculate-dividend-growth-rate_3,How to Calculate Dividend Growth Rate,calc,2026-03-04,810,4,0.0,0,0,0.0,0,0,0.0,0,0,0.0
how-to-calculate-dividend-growth-rate_4,How to Calculate Dividend Growth Rate,calc,2026-03-04,795,3,0.0,0,0,0.0,0,0,0.0,0,0,0.0
how-to-calculate-dividend-growth-rate_5,How to Calculate Dividend Growth Rate,calc,2026-03-04,756,3,0.0,0,0,0.0,0,0,0.0,0,0,0.0
how-to-calculate-dividend-growth-rate_6,How to Calculate Dividend Growth Rate,calc,2026-03-04,730,3,0.0,0,0,0.0,0,0,0.0,0,0,0.0
how-to-calculate-dividend-growth-rate_7,How to Calculate Dividend Growth Rate,calc,2026-03-04,767,3,0.0,0,0,0.0,0,0,0.0,0,0,0.0
how-to-calculate-dividend-growth-rate_8,How to Calculate Dividend Growth Rate,calc,2026-03-04,776,3,0.0,0,0,0.0,0,0,0.0,0,0,0.0
how-to-calculate-dividend-growth-rate_9,How to Calculate Dividend Growth Rate,calc,2026-03-04,783,3,0.0,0,0,0.0,0,0,0.0,0,0,0.0
article-10,Untitled,affiliate,2026-03-05,1059,5,0.0,0,0,0.0,0,0,0.0,0,0,0.0
article-100,Untitled,affiliate,2026-03-05,842,4,0.0,0,0,0.0,0,0,0.0,0,0,0.0
article-101,Untitled,affiliate,2026-03-05,893,4,0.0,0,0,0.0,0,0,0.0,0,0,0.0
article-102,Untitled,affiliate,2026-03-05,1176,5,0.0,0,0,0.0,0,0,0.0,0,0,0.0
article-103,Untitled,affiliate,2026-03-05,1062,5,0.0,0,0,0.0,0,0,0.0,0,0,0.0
article-104,Untitled,affiliate,2026-03-05,1069,5,0.0,0,0,0.0,0,0,0.0,0,0,0.0
article-105,Untitled,affiliate,2026-03-05,1052,5,0.0,0,0,0.0,0,0,0.0,0,0,0.0
article-106,Untitled,affiliate,2026-03-05,982,4,0.0,0,0,0.0,0,0,0.0,0,0,0.0
article-107,Untitled,affiliate,2026-03-05,1151,5,0.0,0,0,0.0,0,0,0.0,0,0,0.0
article-108,Untitled,affiliate,2026-03-05,1064,5,0.0,0,0,0.0,0,0,0.0,0,0,0.0
article-109,Untitled,affiliate,2026-03-05,1129,5,0.0,0,0,0.0,0,0,0.0,0,0,0.0
article-11,Untitled,affiliate,2026-03-05,973,4,0.0,0,0,0.0,0,0,0.0,0,0,0.0
article-110,Untitled,affiliate,2026-03-05,1088,5,0.0,0,0,0.0,0,0,0.0,0,0,0.0
article-111,Untitled,affiliate,2026-03-05,961,4,0.0,0,0,0.0,0,0,0.0,0,0,0.0
article-112,Untitled,affiliate,2026-03-05,1100,5,0.0,0,0,0.0,0,0,0.0,0,0,0.0
article-113,Untitled,affiliate,2026-03-05,961,4,0.0,0,0,0.0,0,0,0.0,0,0,0.0
article-114,Untitled,affiliate,2026-03-05,1113,5,0.0,0,0,0.0,0,0,0.0,0,0,0.0
article-115,Untitled,affiliate,2026-03-05,1088,5,0.0,0,0,0.0,0,0,0.0,0,0,0.0
article-116,Untitled,affiliate,2026-03-05,938,4,0.0,0,0,0.0,0,0,0.0,0,0,0.0
article-117,Untitled,affiliate,2026-03-05,1120,5,0.0,0,0,0.0,0,0,0.0,0,0,0.0
article-118,Untitled,affiliate,2026-03-05,1100,5,0.0,0,0,0.0,0,0,0.0,0,0,0.0
article-119,Untitled,affiliate,2026-03-05,1070,5,0.0,0,0,0.0,0,0,0.0,0,0,0.0
article-12,Untitled,affiliate,2026-03-05,867,4,0.0,0,0,0.0,0,0,0.0,0,0,0.0
article-120,Untitled,affiliate,2026-03-05,1092,5,0.0,0,0,0.0,0,0,0.0,0,0,0.0
article-121,Untitled,affiliate,2026-03-05,914,4,0.0,0,0,0.0,0,0,0.0,0,0,0.0
article-122,Untitled,affiliate,2026-03-05,1129,5,0.0,0,0,0.0,0,0,0.0,0,0,0.0
article-123,Untitled,affiliate,2026-03-05,1017,5,0.0,0,0,0.0,0,0,0.0,0,0,0.0
article-124,Untitled,affiliate,2026-03-05,1050,5,0.0,0,0,0.0,0,0,0.0,0,0,0.0
article-125,Untitled,affiliate,2026-03-05,1083,5,0.0,0,0,0.0,0,0,0.0,0,0,0.0
article-126,Untitled,affiliate,2026-03-05,1005,5,0.0,0,0,0.0,0,0,0.0,0,0,0.0
article-127,Untitled,affiliate,2026-03-05,1074,5,0.0,0,0,0.0,0,0,0.0,0,0,0.0
article-128,Untitled,affiliate,2026-03-05,1110,5,0.0,0,0,0.0,0,0,0.0,0,0,0.0
article-129,Untitled,affiliate,2026-03-05,1073,5,0.0,0,0,0.0,0,0,0.0,0,0,0.0
article-13,Untitled,affiliate,2026-03-05,956,4,0.0,0,0,0.0,0,0,0.0,0,0,0.0
article-130,Untitled,affiliate,2026-03-05,973,4,0.0,0,0,0.0,0,0,0.0,0,0,0.0
article-131,Untitled,affiliate,2026-03-05,1012,5,0.0,0,0,0.0,0,0,0.0,0,0,0.0
article-132,Untitled,affiliate,2026-03-05,1081,5,0.0,0,0,0.0,0,0,0.0,0,0,0.0
article-133,Untitled,affiliate,2026-03-05,1052,5,0.0,0,0,0.0,0,0,0.0,0,0,0.0
article-134,Untitled,affiliate,2026-03-05,1057,5,0.0,0,0,0.0,0,0,0.0,0,0,0.0
article-135,Untitled,affiliate,2026-03-05,1114,5,0.0,0,0,0.0,0,0,0.0,0,0,0.0
article-136,Untitled,affiliate,2026-03-05,938,4,0.0,0,0,0.0,0,0,0.0,0,0,0.0
article-137,Untitled,affiliate,2026-03-05,1205,6,0.0,0,0,0.0,0,0,0.0,0,0,0.0
article-138,Untitled,affiliate,2026-03-05,965,4,0.0,0,0,0.0,0,0,0.0,0,0,0.0
article-139,Untitled,affiliate,2026-03-05,1059,5,0.0,0,0,0.0,0,0,0.0,0,0,0.0
article-14,Untitled,affiliate,2026-03-05,1113,5,0.0,0,0,0.0,0,0,0.0,0,0,0.0
article-140,Untitled,affiliate,2026-03-05,1079,5,0.0,0,0,0.0,0,0,0.0,0,0,0.0
article-143,Untitled,affiliate,2026-03-05,978,4,0.0,0,0,0.0,0,0,0.0,0,0,0.0
article-144,Untitled,affiliate,2026-03-05,971,4,0.0,0,0,0.0,0,0,0.0,0,0,0.0
article-145,Untitled,affiliate,2026-03-05,1063,5,0.0,0,0,0.0,0,0,0.0,0,0,0.0
article-146,Untitled,affiliate,2026-03-05,955,4,0.0,0,0,0.0,0,0,0.0,0,0,0.0
article-147,Untitled,affiliate,2026-03-05,1100,5,0.0,0,0,0.0,0,0,0.0,0,0,0.0
article-148,Untitled,affiliate,2026-03-05,883,4,0.0,0,0,0.0,0,0,0.0,0,0,0.0
article-149,Untitled,affiliate,2026-03-05,1179,5,0.0,0,0,0.0,0,0,0.0,0,0,0.0
article-15,Untitled,affiliate,2026-03-05,1168,5,0.0,0,0,0.0,0,0,0.0,0,0,0.0
article-150,Untitled,affiliate,2026-03-05,1104,5,0.0,0,0,0.0,0,0,0.0,0,0,0.0
article-16,Untitled,affiliate,2026-03-05,969,4,0.0,0,0,0.0,0,0,0.0,0,0,0.0
article-17,Untitled,affiliate,2026-03-05,1107,5,0.0,0,0,0.0,0,0,0.0,0,0,0.0
article-18,Untitled,affiliate,2026-03-05,1006,5,0.0,0,0,0.0,0,0,0.0,0,0,0.0
article-19,Untitled,affiliate,2026-03-05,1174,5,0.0,0,0,0.0,0,0,0.0,0,0,0.0
article-2,Untitled,affiliate,2026-03-05,1095,5,0.0,0,0,0.0,0,0,0.0,0,0,0.0
article-20,Untitled,affiliate,2026-03-05,1060,5,0.0,0,0,0.0,0,0,0.0,0,0,0.0
article-21,Untitled,affiliate,2026-03-05,917,4,0.0,0,0,0.0,0,0,0.0,0,0,0.0
article-22,Untitled,affiliate,2026-03-05,1110,5,0.0,0,0,0.0,0,0,0.0,0,0,0.0
article-24,Untitled,affiliate,2026-03-05,1098,5,0.0,0,0,0.0,0,0,0.0,0,0,0.0
article-26,Untitled,affiliate,2026-03-05,935,4,0.0,0,0,0.0,0,0,0.0,0,0,0.0
article-27,Untitled,affiliate,2026-03-05,1093,5,0.0,0,0,0.0,0,0,0.0,0,0,0.0
article-28,Untitled,affiliate,2026-03-05,1125,5,0.0,0,0,0.0,0,0,0.0,0,0,0.0
article-29,Untitled,affiliate,2026-03-05,1123,5,0.0,0,0,0.0,0,0,0.0,0,0,0.0
article-30,Untitled,affiliate,2026-03-05,1144,5,0.0,0,0,0.0,0,0,0.0,0,0,0.0
article-31,Untitled,affiliate,2026-03-05,955,4,0.0,0,0,0.0,0,0,0.0,0,0,0.0
article-32,Untitled,affiliate,2026-03-05,1038,5,0.0,0,0,0.0,0,0,0.0,0,0,0.0
article-33,Untitled,affiliate,2026-03-05,1054,5,0.0,0,0,0.0,0,0,0.0,0,0,0.0
article-34,Untitled,affiliate,2026-03-05,1076,5,0.0,0,0,0.0,0,0,0.0,0,0,0.0
article-35,Untitled,affiliate,2026-03-05,948,4,0.0,0,0,0.0,0,0,0.0,0,0,0.0
article-36,Untitled,affiliate,2026-03-05,959,4,0.0,0,0,0.0,0,0,0.0,0,0,0.0
article-37,Untitled,affiliate,2026-03-05,1070,5,0.0,0,0,0.0,0,0,0.0,0,0,0.0
article-38,Untitled,affiliate,2026-03-05,1130,5,0.0,0,0,0.0,0,0,0.0,0,0,0.0
article-39,Untitled,affiliate,2026-03-05,1090,5,0.0,0,0,0.0,0,0,0.0,0,0,0.0
article-40,Untitled,affiliate,2026-03-05,1056,5,0.0,0,0,0.0,0,0,0.0,0,0,0.0
article-41,Untitled,affiliate,2026-03-05,882,4,0.0,0,0,0.0,0,0,0.0,0,0,0.0
article-42,Untitled,affiliate,2026-03-05,1035,5,0.0,0,0,0.0,0,0,0.0,0,0,0.0
article-43,Untitled,affiliate,2026-03-05,1074,5,0.0,0,0,0.0,0,0,0.0,0,0,0.0
article-44,Untitled,affiliate,2026-03-05,1066,5,0.0,0,0,0.0,0,0,0.0,0,0,0.0
article-45,Untitled,affiliate,2026-03-05,1039,5,0.0,0,0,0.0,0,0,0.0,0,0,0.0
article-46,Untitled,affiliate,2026-03-05,934,4,0.0,0,0,0.0,0,0,0.0,0,0,0.0
article-47,Untitled,affiliate,2026-03-05,1076,5,0.0,0,0,0.0,0,0,0.0,0,0,0.0
article-48,Untitled,affiliate,2026-03-05,792,3,0.0,0,0,0.0,0,0,0.0,0,0,0.0
article-49,Untitled,affiliate,2026-03-05,1076,5,0.0,0,0,0.0,0,0,0.0,0,0,0.0
article-5,Untitled,affiliate,2026-03-05,1083,5,0.0,0,0,0.0,0,0,0.0,0,0,0.0
article-50,Untitled,affiliate,2026-03-05,1213,6,0.0,0,0,0.0,0,0,0.0,0,0,0.0
article-51,Untitled,affiliate,2026-03-05,928,4,0.0,0,0,0.0,0,0,0.0,0,0,0.0
article-52,Untitled,affiliate,2026-03-05,1169,5,0.0,0,0,0.0,0,0,0.0,0,0,0.0
article-53,Untitled,affiliate,2026-03-05,1079,5,0.0,0,0,0.0,0,0,0.0,0,0,0.0
article-54,Untitled,affiliate,2026-03-05,1015,5,0.0,0,0,0.0,0,0,0.0,0,0,0.0
article-55,Untitled,affiliate,2026-03-05,1072,5,0.0,0,0,0.0,0,0,0.0,0,0,0.0
article-56,Untitled,affiliate,2026-03-05,910,4,0.0,0,0,0.0,0,0,0.0,0,0,0.0
article-57,Untitled,affiliate,2026-03-05,1100,5,0.0,0,0,0.0,0,0,0.0,0,0,0.0
article-58,Untitled,affiliate,2026-03-05,991,4,0.0,0,0,0.0,0,0,0.0,0,0,0.0
article-59,Untitled,affiliate,2026-03-05,1086,5,0.0,0,0,0.0,0,0,0.0,0,0,0.0
article-6,Untitled,affiliate,2026-03-05,797,3,0.0,0,0,0.0,0,0,0.0,0,0,0.0
article-60,Untitled,affiliate,2026-03-05,1088,5,0.0,0,0,0.0,0,0,0.0,0,0,0.0
article-61,Untitled,affiliate,2026-03-05,1009,5,0.0,0,0,0.0,0,0,0.0,0,0,0.0
article-62,Untitled,affiliate,2026-03-05,1042,5,0.0,0,0,0.0,0,0,0.0,0,0,0.0
article-63,Untitled,affiliate,2026-03-05,1014,5,0.0,0,0,0.0,0,0,0.0,0,0,0.0
article-64,Untitled,affiliate,2026-03-05,1067,5,0.0,0,0,0.0,0,0,0.0,0,0,0.0
article-65,Untitled,affiliate,2026-03-05,856,4,0.0,0,0,0.0,0,0,0.0,0,0,0.0
article-66,Untitled,affiliate,2026-03-05,945,4,0.0,0,0,0.0,0,0,0.0,0,0,0.0
article-67,Untitled,affiliate,2026-03-05,1056,5,0.0,0,0,0.0,0,0,0.0,0,0,0.0
article-68,Untitled,affiliate,2026-03-05,1105,5,0.0,0,0,0.0,0,0,0.0,0,0,0.0
article-69,Untitled,affiliate,2026-03-05,1094,5,0.0,0,0,0.0,0,0,0.0,0,0,0.0
article-7,Untitled,affiliate,2026-03-05,1109,5,0.0,0,0,0.0,0,0,0.0,0,0,0.0
article-70,Untitled,affiliate,2026-03-05,1057,5,0.0,0,0,0.0,0,0,0.0,0,0,0.0
article-71,Untitled,affiliate,2026-03-05,888,4,0.0,0,0,0.0,0,0,0.0,0,0,0.0
article-72,Untitled,affiliate,2026-03-05,1058,5,0.0,0,0,0.0,0,0,0.0,0,0,0.0
article-73,Untitled,affiliate,2026-03-05,950,4,0.0,0,0,0.0,0,0,0.0,0,0,0.0
article-74,Untitled,affiliate,2026-03-05,948,4,0.0,0,0,0.0,0,0,0.0,0,0,0.0
article-75,Untitled,affiliate,2026-03-05,1046,5,0.0,0,0,0.0,0,0,0.0,0,0,0.0
article-76,Untitled,affiliate,2026-03-05,808,4,0.0,0,0,0.0,0,0,0.0,0,0,0.0
article-77,Untitled,affiliate,2026-03-05,962,4,0.0,0,0,0.0,0,0,0.0,0,0,0.0
article-78,Untitled,affiliate,2026-03-05,1029,5,0.0,0,0,0.0,0,0,0.0,0,0,0.0
article-79,Untitled,affiliate,2026-03-05,1047,5,0.0,0,0,0.0,0,0,0.0,0,0,0.0
article-8,Untitled,affiliate,2026-03-05,949,4,0.0,0,0,0.0,0,0,0.0,0,0,0.0
article-80,Untitled,affiliate,2026-03-05,1104,5,0.0,0,0,0.0,0,0,0.0,0,0,0.0
article-81,Untitled,affiliate,2026-03-05,1041,5,0.0,0,0,0.0,0,0,0.0,0,0,0.0
article-82,Untitled,affiliate,2026-03-05,1105,5,0.0,0,0,0.0,0,0,0.0,0,0,0.0
article-83,Untitled,affiliate,2026-03-05,1033,5,0.0,0,0,0.0,0,0,0.0,0,0,0.0
article-84,Untitled,affiliate,2026-03-05,1087,5,0.0,0,0,0.0,0,0,0.0,0,0,0.0
article-85,Untitled,affiliate,2026-03-05,1031,5,0.0,0,0,0.0,0,0,0.0,0,0,0.0
article-86,Untitled,affiliate,2026-03-05,959,4,0.0,0,0,0.0,0,0,0.0,0,0,0.0
article-87,Untitled,affiliate,2026-03-05,1149,5,0.0,0,0,0.0,0,0,0.0,0,0,0.0
article-88,Untitled,affiliate,2026-03-05,956,4,0.0,0,0,0.0,0,0,0.0,0,0,0.0
article-89,Untitled,affiliate,2026-03-05,1086,5,0.0,0,0,0.0,0,0,0.0,0,0,0.0
article-9,Untitled,affiliate,2026-03-05,995,4,0.0,0,0,0.0,0,0,0.0,0,0,0.0
article-90,Untitled,affiliate,2026-03-05,1144,5,0.0,0,0,0.0,0,0,0.0,0,0,0.0
article-92,Untitled,affiliate,2026-03-05,1093,5,0.0,0,0,0.0,0,0,0.0,0,0,0.0
article-93,Untitled,affiliate,2026-03-05,1103,5,0.0,0,0,0.0,0,0,0.0,0,0,0.0
article-94,Untitled,affiliate,2026-03-05,1116,5,0.0,0,0,0.0,0,0,0.0,0,0,0.0
article-95,Untitled,affiliate,2026-03-05,1181,5,0.0,0,0,0.0,0,0,0.0,0,0,0.0
article-96,Untitled,affiliate,2026-03-05,979,4,0.0,0,0,0.0,0,0,0.0,0,0,0.0
article-97,Untitled,affiliate,2026-03-05,1041,5,0.0,0,0,0.0,0,0,0.0,0,0,0.0
article-98,Untitled,affiliate,2026-03-05,987,4,0.0,0,0,0.0,0,0,0.0,0,0,0.0
article-99,Untitled,affiliate,2026-03-05,1105,5,0.0,0,0,0.0,0,0,0.0,0,0,0.0
article-1,Untitled,quant,2026-03-05,835,4,0.0,0,0,0.0,0,0,0.0,0,0,0.0
article-10,Untitled,quant,2026-03-05,866,4,0.0,0,0,0.0,0,0,0.0,0,0,0.0
article-11,Untitled,quant,2026-03-05,972,4,0.0,0,0,0.0,0,0,0.0,0,0,0.0
article-12,Untitled,quant,2026-03-05,991,4,0.0,0,0,0.0,0,0,0.0,0,0,0.0
article-13,Untitled,quant,2026-03-05,1016,5,0.0,0,0,0.0,0,0,0.0,0,0,0.0
article-14,Untitled,quant,2026-03-05,873,4,0.0,0,0,0.0,0,0,0.0,0,0,0.0
article-15,Untitled,quant,2026-03-05,928,4,0.0,0,0,0.0,0,0,0.0,0,0,0.0
article-16,Untitled,quant,2026-03-05,868,4,0.0,0,0,0.0,0,0,0.0,0,0,0.0
article-17,Untitled,quant,2026-03-05,908,4,0.0,0,0,0.0,0,0,0.0,0,0,0.0
article-18,Untitled,quant,2026-03-05,975,4,0.0,0,0,0.0,0,0,0.0,0,0,0.0
article-19,Untitled,quant,2026-03-05,908,4,0.0,0,0,0.0,0,0,0.0,0,0,0.0
article-2,Untitled,quant,2026-03-05,914,4,0.0,0,0,0.0,0,0,0.0,0,0,0.0
article-20,Untitled,quant,2026-03-05,831,4,0.0,0,0,0.0,0,0,0.0,0,0,0.0
article-21,Untitled,quant,2026-03-05,961,4,0.0,0,0,0.0,0,0,0.0,0,0,0.0
article-22,Untitled,quant,2026-03-05,969,4,0.0,0,0,0.0,0,0,0.0,0,0,0.0
article-23,Untitled,quant,2026-03-05,962,4,0.0,0,0,0.0,0,0,0.0,0,0,0.0
article-24,Untitled,quant,2026-03-05,936,4,0.0,0,0,0.0,0,0,0.0,0,0,0.0
article-25,Untitled,quant,2026-03-05,881,4,0.0,0,0,0.0,0,0,0.0,0,0,0.0
article-26,Untitled,quant,2026-03-05,825,4,0.0,0,0,0.0,0,0,0.0,0,0,0.0
article-27,Untitled,quant,2026-03-05,917,4,0.0,0,0,0.0,0,0,0.0,0,0,0.0
article-28,Untitled,quant,2026-03-05,882,4,0.0,0,0,0.0,0,0,0.0,0,0,0.0
article-29,Untitled,quant,2026-03-05,905,4,0.0,0,0,0.0,0,0,0.0,0,0,0.0
article-3,Untitled,quant,2026-03-05,950,4,0.0,0,0,0.0,0,0,0.0,0,0,0.0
article-30,Untitled,quant,2026-03-05,991,4,0.0,0,0,0.0,0,0,0.0,0,0,0.0
article-31,Untitled,quant,2026-03-05,951,4,0.0,0,0,0.0,0,0,0.0,0,0,0.0
article-32,Untitled,quant,2026-03-05,939,4,0.0,0,0,0.0,0,0,0.0,0,0,0.0
article-33,Untitled,quant,2026-03-05,879,4,0.0,0,0,0.0,0,0,0.0,0,0,0.0
article-34,Untitled,quant,2026-03-05,1003,5,0.0,0,0,0.0,0,0,0.0,0,0,0.0
article-35,Untitled,quant,2026-03-05,902,4,0.0,0,0,0.0,0,0,0.0,0,0,0.0
article-36,Untitled,quant,2026-03-05,952,4,0.0,0,0,0.0,0,0,0.0,0,0,0.0
article-37,Untitled,quant,2026-03-05,817,4,0.0,0,0,0.0,0,0,0.0,0,0,0.0
article-38,Untitled,quant,2026-03-05,981,4,0.0,0,0,0.0,0,0,0.0,0,0,0.0
article-39,Untitled,quant,2026-03-05,772,3,0.0,0,0,0.0,0,0,0.0,0,0,0.0
article-4,Untitled,quant,2026-03-05,956,4,0.0,0,0,0.0,0,0,0.0,0,0,0.0
article-40,Untitled,quant,2026-03-05,868,4,0.0,0,0,0.0,0,0,0.0,0,0,0.0
article-41,Untitled,quant,2026-03-05,983,4,0.0,0,0,0.0,0,0,0.0,0,0,0.0
article-42,Untitled,quant,2026-03-05,868,4,0.0,0,0,0.0,0,0,0.0,0,0,0.0
article-43,Untitled,quant,2026-03-05,1006,5,0.0,0,0,0.0,0,0,0.0,0,0,0.0
article-44,Untitled,quant,2026-03-05,912,4,0.0,0,0,0.0,0,0,0.0,0,0,0.0
article-45,Untitled,quant,2026-03-05,822,4,0.0,0,0,0.0,0,0,0.0,0,0,0.0
article-46,Untitled,quant,2026-03-05,906,4,0.0,0,0,0.0,0,0,0.0,0,0,0.0
article-47,Untitled,quant,2026-03-05,908,4,0.0,0,0,0.0,0,0,0.0,0,0,0.0
article-48,Untitled,quant,2026-03-05,918,4,0.0,0,0,0.0,0,0,0.0,0,0,0.0
article-49,Untitled,quant,2026-03-05,950,4,0.0,0,0,0.0,0,0,0.0,0,0,0.0
article-5,Untitled,quant,2026-03-05,847,4,0.0,0,0,0.0,0,0,0.0,0,0,0.0
article-50,Untitled,quant,2026-03-05,824,4,0.0,0,0,0.0,0,0,0.0,0,0,0.0
article-51,Untitled,quant,2026-03-05,882,4,0.0,0,0,0.0,0,0,0.0,0,0,0.0
article-52,Untitled,quant,2026-03-05,914,4,0.0,0,0,0.0,0,0,0.0,0,0,0.0
article-53,Untitled,quant,2026-03-05,928,4,0.0,0,0,0.0,0,0,0.0,0,0,0.0
article-54,Untitled,quant,2026-03-05,850,4,0.0,0,0,0.0,0,0,0.0,0,0,0.0
article-55,Untitled,quant,2026-03-05,857,4,0.0,0,0,0.0,0,0,0.0,0,0,0.0
article-56,Untitled,quant,2026-03-05,859,4,0.0,0,0,0.0,0,0,0.0,0,0,0.0
article-57,Untitled,quant,2026-03-05,964,4,0.0,0,0,0.0,0,0,0.0,0,0,0.0
article-58,Untitled,quant,2026-03-05,962,4,0.0,0,0,0.0,0,0,0.0,0,0,0.0
article-59,Untitled,quant,2026-03-05,950,4,0.0,0,0,0.0,0,0,0.0,0,0,0.0
article-6,Untitled,quant,2026-03-05,893,4,0.0,0,0,0.0,0,0,0.0,0,0,0.0
article-60,Untitled,quant,2026-03-05,937,4,0.0,0,0,0.0,0,0,0.0,0,0,0.0
article-61,Untitled,quant,2026-03-05,938,4,0.0,0,0,0.0,0,0,0.0,0,0,0.0
article-62,Untitled,quant,2026-03-05,959,4,0.0,0,0,0.0,0,0,0.0,0,0,0.0
article-63,Untitled,quant,2026-03-05,990,4,0.0,0,0,0.0,0,0,0.0,0,0,0.0
article-64,Untitled,quant,2026-03-05,986,4,0.0,0,0,0.0,0,0,0.0,0,0,0.0
article-65,Untitled,quant,2026-03-05,862,4,0.0,0,0,0.0,0,0,0.0,0,0,0.0
article-66,Untitled,quant,2026-03-05,943,4,0.0,0,0,0.0,0,0,0.0,0,0,0.0
article-67,Untitled,quant,2026-03-05,999,4,0.0,0,0,0.0,0,0,0.0,0,0,0.0
article-68,Untitled,quant,2026-03-05,1050,5,0.0,0,0,0.0,0,0,0.0,0,0,0.0
article-69,Untitled,quant,2026-03-05,842,4,0.0,0,0,0.0,0,0,0.0,0,0,0.0
article-7,Untitled,quant,2026-03-05,914,4,0.0,0,0,0.0,0,0,0.0,0,0,0.0
article-70,Untitled,quant,2026-03-05,991,4,0.0,0,0,0.0,0,0,0.0,0,0,0.0
article-71,Untitled,quant,2026-03-05,997,4,0.0,0,0,0.0,0,0,0.0,0,0,0.0
article-72,Untitled,quant,2026-03-05,967,4,0.0,0,0,0.0,0,0,0.0,0,0,0.0
article-73,Untitled,quant,2026-03-05,878,4,0.0,0,0,0.0,0,0,0.0,0,0,0.0
article-74,Untitled,quant,2026-03-05,960,4,0.0,0,0,0.0,0,0,0.0,0,0,0.0
article-75,Untitled,quant,2026-03-05,1004,5,0.0,0,0,0.0,0,0,0.0,0,0,0.0
article-77,Untitled,quant,2026-03-05,1006,5,0.0,0,0,0.0,0,0,0.0,0,0,0.0
article-78,Untitled,quant,2026-03-05,938,4,0.0,0,0,0.0,0,0,0.0,0,0,0.0
article-79,Untitled,quant,2026-03-05,888,4,0.0,0,0,0.0,0,0,0.0,0,0,0.0
article-8,Untitled,quant,2026-03-05,1011,5,0.0,0,0,0.0,0,0,0.0,0,0,0.0
article-80,Untitled,quant,2026-03-05,904,4,0.0,0,0,0.0,0,0,0.0,0,0,0.0
article-9,Untitled,quant,2026-03-05,888,4,0.0,0,0,0.0,0,0,0.0,0,0,0.0
